session_id,attack_type,message_count,payload_size,checkpoint_interval,repeat_id,sent_count,accepted_count,rejected_count,timeout_count,attack_detected,detection_reason,recovery_requested,recovery_success,recovery_reason,memory_match_after_recovery,reconstruction_match,recovery_latency_ms,checkpoint_count,checkpoint_interval_used,checkpoint_seq,checkpoint_mem,target_seq,target_mem,replay_count,reconstructed_mem,checkpoint_storage_bytes,ticket_verified,ticket_reason,elapsed_seconds,final_server_last_seq
checkpoint-disconnect-m500-k50-r1-1783186930558395,disconnect,500,128,50,1,500,500,0,0,True,client simulated disconnect,True,True,ok,True,True,0.301,10,50,100,5ff57815c1c0353f9c091e18c18351de9b55737d00db077f87a97c4c4049f707,149,99769659f55efbe4d27fc7e9c3dfba152c5f1741d9e639445c7828661d85ed43,49,99769659f55efbe4d27fc7e9c3dfba152c5f1741d9e639445c7828661d85ed43,2972,True,ok,0.098,500
checkpoint-disconnect-m500-k50-r2-1783186930656396,disconnect,500,128,50,2,500,500,0,0,True,client simulated disconnect,True,True,ok,True,True,0.259,10,50,100,b2b1159417a7a5da94edb8d101601d6782cf54daa4d53c2595297b56b16cd8ac,149,fd7c7efb5a8d5252aba6ac8556bd823a6080409466c9d1e796193736af19d497,49,fd7c7efb5a8d5252aba6ac8556bd823a6080409466c9d1e796193736af19d497,2971,True,ok,0.048,500
checkpoint-disconnect-m500-k50-r3-1783186930704632,disconnect,500,128,50,3,500,500,0,0,True,client simulated disconnect,True,True,ok,True,True,0.274,10,50,100,8a73f0e51a3e2db1b9ba967cca2788320839f64d149b0f3b550e192797b94680,149,f99851ee79876bd6491ea3cfc475e6e5621d7f666f00b820fa0aec28cdb1b4ca,49,f99851ee79876bd6491ea3cfc475e6e5621d7f666f00b820fa0aec28cdb1b4ca,2971,True,ok,0.045,500
checkpoint-disconnect-m500-k50-r4-1783186930749909,disconnect,500,128,50,4,500,500,0,0,True,client simulated disconnect,True,True,ok,True,True,0.272,10,50,100,da3b93358c05f3560f8743d996c0172f4ccac3311eebae13bebd50f2d5669656,149,3bdeaa8df737b47dd8c8571a5ae889cf00fd0919282d3a171593c3a411465ccf,49,3bdeaa8df737b47dd8c8571a5ae889cf00fd0919282d3a171593c3a411465ccf,2972,True,ok,0.048,500
checkpoint-disconnect-m500-k50-r5-1783186930797854,disconnect,500,128,50,5,500,500,0,0,True,client simulated disconnect,True,True,ok,True,True,0.294,10,50,100,bb2ce1c73de51dbd5816d753fd0750ee5fd8cad7b4739f02181cc3fe1315714b,149,620e177a0fed90348c1ad045222971c64a7653fbf3f15e6cc4a1e1a7e826b924,49,620e177a0fed90348c1ad045222971c64a7653fbf3f15e6cc4a1e1a7e826b924,2969,True,ok,0.046,500
checkpoint-disconnect-m500-k50-r6-1783186930844233,disconnect,500,128,50,6,500,500,0,0,True,client simulated disconnect,True,True,ok,True,True,0.494,10,50,100,460fac46ef2d4690e2e0fc777bfe3b0b94b595e4dbcd29f56561d6bb0b1b2bc8,149,d12bc0e27f472ded94ea8258bad02801a9d1a7b62b4e3a74498f70a1816410c7,49,d12bc0e27f472ded94ea8258bad02801a9d1a7b62b4e3a74498f70a1816410c7,2969,True,ok,0.046,500
checkpoint-disconnect-m500-k50-r7-1783186930890661,disconnect,500,128,50,7,500,500,0,0,True,client simulated disconnect,True,True,ok,True,True,0.23,10,50,100,a9572c3b258dc3917070f2d3800835b8b722b7e28f57415cfa72e9c7e2162042,149,759f46d84c7580a59550b63946123deb932539084d774d2a0dbdba1bd17a0ecb,49,759f46d84c7580a59550b63946123deb932539084d774d2a0dbdba1bd17a0ecb,2970,True,ok,0.046,500
checkpoint-disconnect-m500-k50-r8-1783186930937013,disconnect,500,128,50,8,500,500,0,0,True,client simulated disconnect,True,True,ok,True,True,0.561,10,50,100,66ace6e70c92a7e08f5c35318a8ce0cf713d9054948c6d8b356266551fe13510,149,d00f0fbf60b5c2074315b703e7cfc9e1bc91720a8465c46fae70a72bd58eef28,49,d00f0fbf60b5c2074315b703e7cfc9e1bc91720a8465c46fae70a72bd58eef28,2970,True,ok,0.046,500
checkpoint-disconnect-m500-k50-r9-1783186930983121,disconnect,500,128,50,9,500,500,0,0,True,client simulated disconnect,True,True,ok,True,True,0.231,10,50,100,1591deda729f34201b8bf3f448b41e1e2e3122ab0d8ed735927156107b6ba4d5,149,a5d4891e1e61593576b756e692c583035831cff64f6c37431ce8e49a92c4f5c0,49,a5d4891e1e61593576b756e692c583035831cff64f6c37431ce8e49a92c4f5c0,2973,True,ok,0.045,500
checkpoint-disconnect-m500-k50-r10-1783186931028681,disconnect,500,128,50,10,500,500,0,0,True,client simulated disconnect,True,True,ok,True,True,0.357,10,50,100,96897587fc972580ec735b8851c81de1b00baf779d68bc6d1a31de6385d85aac,149,6365c1b2f495ee2318a83fd8aabfb1dedba060dc7633134fbdb44c09ba93e67b,49,6365c1b2f495ee2318a83fd8aabfb1dedba060dc7633134fbdb44c09ba93e67b,2982,True,ok,0.045,500
checkpoint-disconnect-m500-k100-r1-1783186931073552,disconnect,500,128,100,1,500,500,0,0,True,client simulated disconnect,True,True,ok,True,True,0.273,5,100,100,114cc55b542380a57c467f86da80faf2814d234f15e939975d091a4c923c8ce5,149,55a7a831a66093d605e33b39a29b594d170ee8112fd570faff8c38725b769aef,49,55a7a831a66093d605e33b39a29b594d170ee8112fd570faff8c38725b769aef,1491,True,ok,0.045,500
checkpoint-disconnect-m500-k100-r2-1783186931118629,disconnect,500,128,100,2,500,500,0,0,True,client simulated disconnect,True,True,ok,True,True,0.273,5,100,100,e7391f9b7feef6ad21049dbd68bd46c48e8f84f4c89c9802153a65b428f8c0d2,149,ac7594cf25fd8bff6482177c0be58734abe00bd4771f40ba604450fa39480757,49,ac7594cf25fd8bff6482177c0be58734abe00bd4771f40ba604450fa39480757,1489,True,ok,0.045,500
checkpoint-disconnect-m500-k100-r3-1783186931163341,disconnect,500,128,100,3,500,500,0,0,True,client simulated disconnect,True,True,ok,True,True,0.367,5,100,100,f86a98b3912fbb00b2dfd2a25a1a528e4a207d159baa6f331e04442deec47556,149,61a7b298ba0fa4aaad6128bf3d9b3387b3ed6841257cc46e7b15def8d24c4d07,49,61a7b298ba0fa4aaad6128bf3d9b3387b3ed6841257cc46e7b15def8d24c4d07,1489,True,ok,0.044,500
checkpoint-disconnect-m500-k100-r4-1783186931207288,disconnect,500,128,100,4,500,500,0,0,True,client simulated disconnect,True,True,ok,True,True,0.335,5,100,100,85ef608dd29c5a3b39eaf7e622d28d3d9bee8a59876a794d7df3bacacb1e293f,149,b1992feef008b6af95007891e38dd04282a18400c55b79e562e9f0580926a3c6,49,b1992feef008b6af95007891e38dd04282a18400c55b79e562e9f0580926a3c6,1490,True,ok,0.046,500
checkpoint-disconnect-m500-k100-r5-1783186931253762,disconnect,500,128,100,5,500,500,0,0,True,client simulated disconnect,True,True,ok,True,True,0.329,5,100,100,1b756864adacb69dce2ac97f518a4147a70a90be4c26957ac9a6d8143fd6925b,149,7ee2557760e05eead218e3f7abe3fd7d3d0823cfac96533d9c81887948f0d095,49,7ee2557760e05eead218e3f7abe3fd7d3d0823cfac96533d9c81887948f0d095,1492,True,ok,0.045,500
checkpoint-disconnect-m500-k100-r6-1783186931298639,disconnect,500,128,100,6,500,500,0,0,True,client simulated disconnect,True,True,ok,True,True,0.271,5,100,100,027281dee428dd8913e68bf316f3cdba3ae59ef9fbc6129fe51c264f6c7fb4a3,149,31da8f4fdc2af639a153ea1482b0595e26549bce302296bd6057cdc4def11218,49,31da8f4fdc2af639a153ea1482b0595e26549bce302296bd6057cdc4def11218,1493,True,ok,0.046,500
checkpoint-disconnect-m500-k100-r7-1783186931344967,disconnect,500,128,100,7,500,500,0,0,True,client simulated disconnect,True,True,ok,True,True,0.324,5,100,100,fcdf75abd5be59bd36f1b95914d81f73a0987c2bc7e020b09eebe70c1606f1ad,149,eaeece584dcd01301226103d18c597fa2a431f6c29b32092ac6267f0a3941489,49,eaeece584dcd01301226103d18c597fa2a431f6c29b32092ac6267f0a3941489,1491,True,ok,0.044,500
checkpoint-disconnect-m500-k100-r8-1783186931389375,disconnect,500,128,100,8,500,500,0,0,True,client simulated disconnect,True,True,ok,True,True,0.31,5,100,100,5dcc34f9ccfa66faab3c2c96b2315969d097cd7b23a97a3b647d9f865021feee,149,0855d94ef5137374800d4c3f0090d2544800989bcfeaa6ab76a1e03c068c04af,49,0855d94ef5137374800d4c3f0090d2544800989bcfeaa6ab76a1e03c068c04af,1492,True,ok,0.048,500
checkpoint-disconnect-m500-k100-r9-1783186931437415,disconnect,500,128,100,9,500,500,0,0,True,client simulated disconnect,True,True,ok,True,True,0.29,5,100,100,2930554f7c2e5ef98ce801517aed72e0fe615e5524774bf03838b32b93cce7fd,149,1e97ddb82af355fc621c53d6cf643019a551a9ef7a4725067d893b470886e87d,49,1e97ddb82af355fc621c53d6cf643019a551a9ef7a4725067d893b470886e87d,1491,True,ok,0.046,500
checkpoint-disconnect-m500-k100-r10-1783186931483816,disconnect,500,128,100,10,500,500,0,0,True,client simulated disconnect,True,True,ok,True,True,0.271,5,100,100,c0a6adad040c28cf73b4564b046f5dc14411fc06e65df6043ffe0ff7927f7c10,149,1f4a8fd38eaee0cc9e4ce9943a298d206c06a09f9f16e770042118f341f43ff0,49,1f4a8fd38eaee0cc9e4ce9943a298d206c06a09f9f16e770042118f341f43ff0,1494,True,ok,0.046,500
checkpoint-drop-m500-k50-r1-1783186931529708,drop,500,128,50,1,500,500,0,0,True,drop attack at seq=150,True,True,ok,True,True,0.232,10,50,100,d1c426fd15abf012d62a3188ba414f44c37472e364a123450812e5debd2e3b97,149,af63cf8ad3ca0cf403ea0afe62b4ad80edab7d804fc7174982c38988f6d1b57b,49,af63cf8ad3ca0cf403ea0afe62b4ad80edab7d804fc7174982c38988f6d1b57b,2912,True,ok,0.048,500
checkpoint-drop-m500-k50-r2-1783186931578085,drop,500,128,50,2,500,500,0,0,True,drop attack at seq=150,True,True,ok,True,True,0.224,10,50,100,4b6c0295103dc0af451798c5a187b7496f8ea3a12b0142fb1823bff1510b037a,149,24e0064eff26d43bd09c517fd3b5f079b20934dbc5b9f43ea348f18021e2cffd,49,24e0064eff26d43bd09c517fd3b5f079b20934dbc5b9f43ea348f18021e2cffd,2909,True,ok,0.048,500
checkpoint-drop-m500-k50-r3-1783186931626683,drop,500,128,50,3,500,500,0,0,True,drop attack at seq=150,True,True,ok,True,True,0.266,10,50,100,3e6bab295917f42863661084282542fc28daaca870b28f4201f2bfb01e448c65,149,b48a2060eb979eb5ed6684a0c8e7eaba15a9d3b5d676419818df9c8ac39d5af4,49,b48a2060eb979eb5ed6684a0c8e7eaba15a9d3b5d676419818df9c8ac39d5af4,2911,True,ok,0.05,500
checkpoint-drop-m500-k50-r4-1783186931676886,drop,500,128,50,4,500,500,0,0,True,drop attack at seq=150,True,True,ok,True,True,0.175,10,50,100,4159b8eb4e2f103461fdc4dd8613ad6a578aa15907e529b0ddde9eb7db8de748,149,f83ff378b6050c15dcc6adb029f7d8100aab157bb10832dd8a7d1be9eed128b8,49,f83ff378b6050c15dcc6adb029f7d8100aab157bb10832dd8a7d1be9eed128b8,2908,True,ok,0.05,500
checkpoint-drop-m500-k50-r5-1783186931726755,drop,500,128,50,5,500,500,0,0,True,drop attack at seq=150,True,True,ok,True,True,0.292,10,50,100,dc4646376a36c6ca14b99e1f21122a0c0e57a17e86bdc74c5d27122f858a5c54,149,75ea0ab4861cfff9cff9d01010b1f623b3aed34f1dbddc17a86e0f6baeac2ed2,49,75ea0ab4861cfff9cff9d01010b1f623b3aed34f1dbddc17a86e0f6baeac2ed2,2909,True,ok,0.048,500
checkpoint-drop-m500-k50-r6-1783186931775079,drop,500,128,50,6,500,500,0,0,True,drop attack at seq=150,True,True,ok,True,True,0.208,10,50,100,c2ef14540e796f0842eb6684b123c5058f17a0bf8e3d63604cbc9e1ea43501ee,149,7ed7f943e063b4e68e757529fa3755a19ed96d735047f7642e673f17b8382ad8,49,7ed7f943e063b4e68e757529fa3755a19ed96d735047f7642e673f17b8382ad8,2913,True,ok,0.045,500
checkpoint-drop-m500-k50-r7-1783186931820725,drop,500,128,50,7,500,500,0,0,True,drop attack at seq=150,True,True,ok,True,True,0.29,10,50,100,e8bdf96870520fb8c69907975312368e73b9df839d79531ea4f5bd4030cff3b6,149,583397befc2d60585f4a7c8be7cf3536812d5116c27e302dcaec88afad543722,49,583397befc2d60585f4a7c8be7cf3536812d5116c27e302dcaec88afad543722,2909,True,ok,0.045,500
checkpoint-drop-m500-k50-r8-1783186931865734,drop,500,128,50,8,500,500,0,0,True,drop attack at seq=150,True,True,ok,True,True,0.234,10,50,100,a1589fbb4a45b511696593a01a296cf976064f4e1de35608f204e74c04995dbf,149,f3e5a5a49ba94a34d3a7f402b345e75a50d7a390c1d67f428ed223fdaa9bd557,49,f3e5a5a49ba94a34d3a7f402b345e75a50d7a390c1d67f428ed223fdaa9bd557,2912,True,ok,0.046,500
checkpoint-drop-m500-k50-r9-1783186931911964,drop,500,128,50,9,500,500,0,0,True,drop attack at seq=150,True,True,ok,True,True,0.269,10,50,100,2ad35d4d8c0618af372d2adf8f87c94a13da17ccaffc536d22a7c0e3c7a0aff4,149,a8b8af3414c4b7e50fa1a9bee6d29dd94e1a9fdead550bb66ba1def84748b750,49,a8b8af3414c4b7e50fa1a9bee6d29dd94e1a9fdead550bb66ba1def84748b750,2910,True,ok,0.046,500
checkpoint-drop-m500-k50-r10-1783186931958098,drop,500,128,50,10,500,500,0,0,True,drop attack at seq=150,True,True,ok,True,True,0.22,10,50,100,5fc28531b49e008bd0d8b54ac2331f407d22530424605e2a5724120f19029700,149,d9bd971fba7c257f1e87d68e680b72337f662f8dbb4da435f364402e0fc956a5,49,d9bd971fba7c257f1e87d68e680b72337f662f8dbb4da435f364402e0fc956a5,2919,True,ok,0.043,500
checkpoint-drop-m500-k100-r1-1783186932001504,drop,500,128,100,1,500,500,0,0,True,drop attack at seq=150,True,True,ok,True,True,0.249,5,100,100,9fd2e0f8a188162bc6984f0c80fc41785b71ab22770359e4484b6961995f3418,149,f0496babc3a67688eb468c4ae6dc38188016d0ba6d81c4285a4abde27e84663b,49,f0496babc3a67688eb468c4ae6dc38188016d0ba6d81c4285a4abde27e84663b,1460,True,ok,0.043,500
checkpoint-drop-m500-k100-r2-1783186932044256,drop,500,128,100,2,500,500,0,0,True,drop attack at seq=150,True,True,ok,True,True,0.201,5,100,100,476474333109ecd49f7c3b2d14067eadf355479a6e0decc4a839315c335f089b,149,6d519e83a3309b769cd4e48de2f8005200f6732389bbaaa4d63cbc321c677fd9,49,6d519e83a3309b769cd4e48de2f8005200f6732389bbaaa4d63cbc321c677fd9,1461,True,ok,0.043,500
checkpoint-drop-m500-k100-r3-1783186932087880,drop,500,128,100,3,500,500,0,0,True,drop attack at seq=150,True,True,ok,True,True,0.227,5,100,100,b0a606b12052dd3a0bc35e056132b53228784ccfad7a95dcea91729ea3c0bed9,149,74ee88c47905415733801ce8e9fb4b5edf918828655e75db9513485afcbe872e,49,74ee88c47905415733801ce8e9fb4b5edf918828655e75db9513485afcbe872e,1462,True,ok,0.043,500
checkpoint-drop-m500-k100-r4-1783186932131055,drop,500,128,100,4,500,500,0,0,True,drop attack at seq=150,True,True,ok,True,True,0.195,5,100,100,a8b8cb1b5068694640a502cf089cca54a19adf1c0ed6a97c20d11c6942aa4b69,149,5ab07cee44330f3d3c9c42ba311ba278ccb48bde33e79c080cf87bd9eff7c468,49,5ab07cee44330f3d3c9c42ba311ba278ccb48bde33e79c080cf87bd9eff7c468,1461,True,ok,0.044,500
checkpoint-drop-m500-k100-r5-1783186932174956,drop,500,128,100,5,500,500,0,0,True,drop attack at seq=150,True,True,ok,True,True,0.189,5,100,100,2329a20bad837ddc46ad5906281a76978295914c1e0760494e20233a87eb83c6,149,7322bf8106927ae4a960691e557d2ab608f34341078215d10ee9fb4612bba3ba,49,7322bf8106927ae4a960691e557d2ab608f34341078215d10ee9fb4612bba3ba,1460,True,ok,0.043,500
checkpoint-drop-m500-k100-r6-1783186932217716,drop,500,128,100,6,500,500,0,0,True,drop attack at seq=150,True,True,ok,True,True,0.192,5,100,100,4548b1b4d9b0b76f2a974244b9a8bf5c657dcf82274bf9a0afe089a71f8fe694,149,b5e691e71d0d6ddafb40194c7de72202c51aac509ed470c8a4e035dcb7cc1147,49,b5e691e71d0d6ddafb40194c7de72202c51aac509ed470c8a4e035dcb7cc1147,1461,True,ok,0.042,500
checkpoint-drop-m500-k100-r7-1783186932260315,drop,500,128,100,7,500,500,0,0,True,drop attack at seq=150,True,True,ok,True,True,0.223,5,100,100,5e9e859d2ec4391bf6cfb7995d2731e16e125c724ed4f8a8d46b05aeba481f69,149,5abc32003de85513a933dfb5938d91563819454a21e32e6753882c8077b4722f,49,5abc32003de85513a933dfb5938d91563819454a21e32e6753882c8077b4722f,1463,True,ok,0.042,500
checkpoint-drop-m500-k100-r8-1783186932302591,drop,500,128,100,8,500,500,0,0,True,drop attack at seq=150,True,True,ok,True,True,0.284,5,100,100,b7a82feca0a09f2a800821e1428e6003904ad8e906a4bd9ca95381a4a946ffca,149,781102729c487bf0d254ca3c03d65abbca3e90982d3c38941315534c58ebddd0,49,781102729c487bf0d254ca3c03d65abbca3e90982d3c38941315534c58ebddd0,1461,True,ok,0.043,500
checkpoint-drop-m500-k100-r9-1783186932345393,drop,500,128,100,9,500,500,0,0,True,drop attack at seq=150,True,True,ok,True,True,0.32,5,100,100,fb063300a5cefbcf26c5bdcc42da6ef24c1d547ff64d7f2ed3a1443b0acb0afb,149,17f9db396072beb3119d089a4fd7a7b3473bdd999f44e1138aea9a14b0f13e3c,49,17f9db396072beb3119d089a4fd7a7b3473bdd999f44e1138aea9a14b0f13e3c,1461,True,ok,0.042,500
checkpoint-drop-m500-k100-r10-1783186932387715,drop,500,128,100,10,500,500,0,0,True,drop attack at seq=150,True,True,ok,True,True,0.282,5,100,100,d2a8394aa21592ca9ca153e1109b0db0e4edfa0e3ab3dc2125a9d254d30c6495,149,22d71c691dc943ee59acad779061996da9d941c149163477c502efef36081d87,49,22d71c691dc943ee59acad779061996da9d941c149163477c502efef36081d87,1466,True,ok,0.043,500
checkpoint-modify-m500-k50-r1-1783186932430826,modify,500,128,50,1,501,500,1,0,True,auth_tag verification failed,True,True,ok,True,True,0.185,10,50,100,754d31728f1d0f61df090a2327389cd6b656d20a517b0e4cc3dbf065f09bc25f,149,c6479d1f7265aa880f69c24acd78ebb8542617cae1f724e8f9042f51357f2f33,49,c6479d1f7265aa880f69c24acd78ebb8542617cae1f724e8f9042f51357f2f33,2930,True,ok,0.046,500
checkpoint-modify-m500-k50-r2-1783186932476732,modify,500,128,50,2,501,500,1,0,True,auth_tag verification failed,True,True,ok,True,True,0.197,10,50,100,36cfb425af28404684266b5269ec8ef52295af263dbc627963accfccc83a3422,149,7b8f50124ab51dede118048eb1a8687505ab0b6c2230e82baee0d8576b2834f2,49,7b8f50124ab51dede118048eb1a8687505ab0b6c2230e82baee0d8576b2834f2,2935,True,ok,0.045,500
checkpoint-modify-m500-k50-r3-1783186932521446,modify,500,128,50,3,501,500,1,0,True,auth_tag verification failed,True,True,ok,True,True,0.205,10,50,100,8b641fc727d3fdc2fc399112fa55096a61d0095edc9a8a5b9988ce8121526443,149,aa861bea252105c7880f05dc4e3fdccec17cc8cb4f10e63f463b6b99b6f72317,49,aa861bea252105c7880f05dc4e3fdccec17cc8cb4f10e63f463b6b99b6f72317,2933,True,ok,0.046,500
checkpoint-modify-m500-k50-r4-1783186932567759,modify,500,128,50,4,501,500,1,0,True,auth_tag verification failed,True,True,ok,True,True,0.191,10,50,100,6e13dc175e4e054d3b565a2e495bc3d1af54a25a34f7a79b70d83a054d512b5a,149,abc73d2c563d37f7a7d0c507ae2432784bdf1043bac9464653393eae7e0dd84f,49,abc73d2c563d37f7a7d0c507ae2432784bdf1043bac9464653393eae7e0dd84f,2930,True,ok,0.045,500
checkpoint-modify-m500-k50-r5-1783186932612513,modify,500,128,50,5,501,500,1,0,True,auth_tag verification failed,True,True,ok,True,True,0.291,10,50,100,ade1121c06f15bf81f631297d5368ed10d77095fa8c93f55d16ecfed5192042f,149,b417d99c819bb4725eedc6e69aaf935df8b119211442691a3c7abc98409c8f16,49,b417d99c819bb4725eedc6e69aaf935df8b119211442691a3c7abc98409c8f16,2929,True,ok,0.046,500
checkpoint-modify-m500-k50-r6-1783186932659031,modify,500,128,50,6,501,500,1,0,True,auth_tag verification failed,True,True,ok,True,True,0.198,10,50,100,3de3b09e2e90cff0532f9852943c21e5a2ceb8badbb5c9b5a379e98602ee9a32,149,798912d8d3be0056cde62a7779ae23f4bc62eb81b45e5b6a714b6a4b8afdf219,49,798912d8d3be0056cde62a7779ae23f4bc62eb81b45e5b6a714b6a4b8afdf219,2933,True,ok,0.046,500
checkpoint-modify-m500-k50-r7-1783186932705323,modify,500,128,50,7,501,500,1,0,True,auth_tag verification failed,True,True,ok,True,True,0.232,10,50,100,4b5859dee80484d0c888592335ef1392dc3c8af3949fad9cfd80c3c87657ee8d,149,26001d20c93868953a74e396635a6a9aea65af9a7dabd6b807dddb20b3c887b6,49,26001d20c93868953a74e396635a6a9aea65af9a7dabd6b807dddb20b3c887b6,2931,True,ok,0.048,500
checkpoint-modify-m500-k50-r8-1783186932754006,modify,500,128,50,8,501,500,1,0,True,auth_tag verification failed,True,True,ok,True,True,0.311,10,50,100,9b253887e000549cca39518fcf922ccb826e1edeed0d639ebc85bb876f62ad59,149,3aa824cd4c231967f7e495ceb6495de3e791cab6b96f87965a2a15d5b0ef5bf0,49,3aa824cd4c231967f7e495ceb6495de3e791cab6b96f87965a2a15d5b0ef5bf0,2932,True,ok,0.044,500
checkpoint-modify-m500-k50-r9-1783186932798520,modify,500,128,50,9,501,500,1,0,True,auth_tag verification failed,True,True,ok,True,True,0.278,10,50,100,4edb5f7b75d2a1e0e5c7ef907e8ebe5285299683938f6c92a5a4bfac5af8227e,149,485d09bdebed8b6da26908679e6ff5b1eea5fea7db4174da136477b3d0d08ffb,49,485d09bdebed8b6da26908679e6ff5b1eea5fea7db4174da136477b3d0d08ffb,2930,True,ok,0.047,500
checkpoint-modify-m500-k50-r10-1783186932845320,modify,500,128,50,10,501,500,1,0,True,auth_tag verification failed,True,True,ok,True,True,0.238,10,50,100,9dbee651c7cb5e037859badf2fff4dc6f4afe87e8ca2ceaea7dfff74a38c0ebc,149,58ba73b52d704b0eb6e95d1da46e13092a6fc45e5fa6f8c4ebd47fad767206a8,49,58ba73b52d704b0eb6e95d1da46e13092a6fc45e5fa6f8c4ebd47fad767206a8,2941,True,ok,0.045,500
checkpoint-modify-m500-k100-r1-1783186932891030,modify,500,128,100,1,501,500,1,0,True,auth_tag verification failed,True,True,ok,True,True,0.193,5,100,100,d7cb4bdde28208bd42e0519ff689ec7fdcc77444eb1e13d311d28ed2ce5a96d5,149,f6a6276ab19518bfe0ed96214506a6e4b2ead910163bc2fc417bf69f841a27ce,49,f6a6276ab19518bfe0ed96214506a6e4b2ead910163bc2fc417bf69f841a27ce,1470,True,ok,0.045,500
checkpoint-modify-m500-k100-r2-1783186932936308,modify,500,128,100,2,501,500,1,0,True,auth_tag verification failed,True,True,ok,True,True,0.382,5,100,100,34e12976e51d763890905d90fc6873aa940ba114e7b4da144c56aee6fb8d2fe1,149,343799d977c573ffb64f0ef6e5cd512c779fac584f5a21e3134693528043536d,49,343799d977c573ffb64f0ef6e5cd512c779fac584f5a21e3134693528043536d,1468,True,ok,0.044,500
checkpoint-modify-m500-k100-r3-1783186932980979,modify,500,128,100,3,501,500,1,0,True,auth_tag verification failed,True,True,ok,True,True,0.195,5,100,100,5e282dea6aad032c6bb64b467b6f7ec38ef0120565c71f82ca40001f288be565,149,9a451167bb0abe42c138507a316a8309e3641a74cc6c54681eae98e25b47b1f5,49,9a451167bb0abe42c138507a316a8309e3641a74cc6c54681eae98e25b47b1f5,1471,True,ok,0.042,500
checkpoint-modify-m500-k100-r4-1783186933023516,modify,500,128,100,4,501,500,1,0,True,auth_tag verification failed,True,True,ok,True,True,0.199,5,100,100,fa86a5cbba584ceae975230b25f8c41465ac6c88e4aed64b9888367087126cae,149,f81697f32d66404878d1671f22db106680dbacc72a7f716811a1c7604db0e557,49,f81697f32d66404878d1671f22db106680dbacc72a7f716811a1c7604db0e557,1471,True,ok,0.044,500
checkpoint-modify-m500-k100-r5-1783186933067934,modify,500,128,100,5,501,500,1,0,True,auth_tag verification failed,True,True,ok,True,True,0.207,5,100,100,8484881378f1508ccf15e615e6de1b18e826b7c34966d36b0d83166edd0378de,149,d4b4ef91e0a9358306c228d58f300a00e7561db76b4fbeb005449276e06e671f,49,d4b4ef91e0a9358306c228d58f300a00e7561db76b4fbeb005449276e06e671f,1468,True,ok,0.044,500
checkpoint-modify-m500-k100-r6-1783186933112059,modify,500,128,100,6,501,500,1,0,True,auth_tag verification failed,True,True,ok,True,True,0.284,5,100,100,1da36b62bcfa6b268bf2fa333ee0fd80243f40fab53158645d7aed5306baa9e1,149,78289791780562c10d2d50bcd8c207c06d49ae1a8d2cbfd5d7c1da00680647b6,49,78289791780562c10d2d50bcd8c207c06d49ae1a8d2cbfd5d7c1da00680647b6,1470,True,ok,0.045,500
checkpoint-modify-m500-k100-r7-1783186933157033,modify,500,128,100,7,501,500,1,0,True,auth_tag verification failed,True,True,ok,True,True,0.212,5,100,100,af07e4e2c94e0dbd18985b704a68350d77797be28fa0b42af18e839f5ecedbbe,149,75515cf0e746868f48012365a0f328db1372fe183ebb7c05d4a93a136108d7eb,49,75515cf0e746868f48012365a0f328db1372fe183ebb7c05d4a93a136108d7eb,1469,True,ok,0.045,500
checkpoint-modify-m500-k100-r8-1783186933202308,modify,500,128,100,8,501,500,1,0,True,auth_tag verification failed,True,True,ok,True,True,0.2,5,100,100,488aea1109877ac40d2568b4dd0a6421c2aa9adb887b4b71ab1035c88920ff20,149,f96299b8a1e404f88386ea1813b8f8f7e624acc28ae86fdc89dcbdcdc972ea21,49,f96299b8a1e404f88386ea1813b8f8f7e624acc28ae86fdc89dcbdcdc972ea21,1473,True,ok,0.044,500
checkpoint-modify-m500-k100-r9-1783186933246958,modify,500,128,100,9,501,500,1,0,True,auth_tag verification failed,True,True,ok,True,True,0.213,5,100,100,2093541177c09699be7317776b0ee28a048b7610e438bfbd6090f215a2e20509,149,bf883624ebd41b4f4b5c0c475322f3787ce49812db882d69d42b0c2b6e74485d,49,bf883624ebd41b4f4b5c0c475322f3787ce49812db882d69d42b0c2b6e74485d,1474,True,ok,0.046,500
checkpoint-modify-m500-k100-r10-1783186933292893,modify,500,128,100,10,501,500,1,0,True,auth_tag verification failed,True,True,ok,True,True,0.243,5,100,100,fef33fc7fae21b868b835f99b6c09abc5f9c75c725339fb665b6565dfc813272,149,b294803b6938be6e5ed81f22187b18df7cefa8a83b2f4e40a678fa08318f9b79,49,b294803b6938be6e5ed81f22187b18df7cefa8a83b2f4e40a678fa08318f9b79,1475,True,ok,0.045,500
checkpoint-disconnect-m1000-k50-r1-1783186933338447,disconnect,1000,128,50,1,1000,1000,0,0,True,client simulated disconnect,True,True,ok,True,True,0.31,20,50,100,807d0a8f0891e7eb19cd7aa0f6065e451c40c80061d594ede7a4b6a790e3d110,149,aaa0c3a4ea4a7b39cc05a039c6113b37a73df8b1c800fe3d2c9e52f977852b92,49,aaa0c3a4ea4a7b39cc05a039c6113b37a73df8b1c800fe3d2c9e52f977852b92,5961,True,ok,0.091,1000
checkpoint-disconnect-m1000-k50-r2-1783186933429773,disconnect,1000,128,50,2,1000,1000,0,0,True,client simulated disconnect,True,True,ok,True,True,0.264,20,50,100,02ff60b947450ff412784d39e76bcfae4b1a7ba26d8b0db7945d61c68ddecf88,149,853e970baccd7a7a09a46b072af14255eae553cf69ddfa88419e584a3cb63737,49,853e970baccd7a7a09a46b072af14255eae553cf69ddfa88419e584a3cb63737,5962,True,ok,0.092,1000
checkpoint-disconnect-m1000-k50-r3-1783186933522044,disconnect,1000,128,50,3,1000,1000,0,0,True,client simulated disconnect,True,True,ok,True,True,0.247,20,50,100,fe81f5cd500009f2539d90eed9d58eacfd050c7dccd81b4bf18dea36a942848f,149,790f37efbb232164677e3b97ba6c59ab6e9030d6068373dfd1c74dfc81e4fb2c,49,790f37efbb232164677e3b97ba6c59ab6e9030d6068373dfd1c74dfc81e4fb2c,5964,True,ok,0.093,1000
checkpoint-disconnect-m1000-k50-r4-1783186933614861,disconnect,1000,128,50,4,1000,1000,0,0,True,client simulated disconnect,True,True,ok,True,True,0.342,20,50,100,067d81cfe2f71924e487726b630b59afc0b439fa4deb75771ad9a1f07e442620,149,5d604e31330a44bdf0f6573f0a54a803fc0270ca5d318cb0b9f1ca3d4249b885,49,5d604e31330a44bdf0f6573f0a54a803fc0270ca5d318cb0b9f1ca3d4249b885,5963,True,ok,0.095,1000
checkpoint-disconnect-m1000-k50-r5-1783186933710586,disconnect,1000,128,50,5,1000,1000,0,0,True,client simulated disconnect,True,True,ok,True,True,0.34,20,50,100,ddf1f654c783071c5b2a5c8e1693b70546e595fefd37051601f01ac884c496a9,149,59bb1bcc50264b4f3406179f905c4aabd6673d0b95a91906f110b699ecd768f9,49,59bb1bcc50264b4f3406179f905c4aabd6673d0b95a91906f110b699ecd768f9,5963,True,ok,5.92,1000
checkpoint-disconnect-m1000-k50-r6-1783186939631313,disconnect,1000,128,50,6,1000,1000,0,0,True,client simulated disconnect,True,True,ok,True,True,0.281,20,50,100,1df48058c4d743aefd561869cfb1191407f7cfabda55161dd7b0db88184252c8,149,d07d7bf26970a421f48074b2831e33e78bc4ba9b235f56b0adb552afe3bef0e0,49,d07d7bf26970a421f48074b2831e33e78bc4ba9b235f56b0adb552afe3bef0e0,5965,True,ok,0.103,1000
checkpoint-disconnect-m1000-k50-r7-1783186939734887,disconnect,1000,128,50,7,1000,1000,0,0,True,client simulated disconnect,True,True,ok,True,True,0.3,20,50,100,954ca9609a7f5d0435ecbdf17fd71f6272b824560347a1ad7d2a60dfc99e6493,149,f7dc069f9c077e0a3514e38c2551f9b79b1dd78e8c585dc0ba646682b20ee716,49,f7dc069f9c077e0a3514e38c2551f9b79b1dd78e8c585dc0ba646682b20ee716,5961,True,ok,0.126,1000
checkpoint-disconnect-m1000-k50-r8-1783186939861111,disconnect,1000,128,50,8,1000,1000,0,0,True,client simulated disconnect,True,True,ok,True,True,0.26,20,50,100,46f3570bfb90f7186f049b1bfd131834dd8766f5978a4166e4e28363413905e0,149,749be8172b6b8c1e069fd723db6cf85268140708becedb0b5d0b45afb86a0c4f,49,749be8172b6b8c1e069fd723db6cf85268140708becedb0b5d0b45afb86a0c4f,5966,True,ok,0.097,1000
checkpoint-disconnect-m1000-k50-r9-1783186939958337,disconnect,1000,128,50,9,1000,1000,0,0,True,client simulated disconnect,True,True,ok,True,True,0.389,20,50,100,07d20ea1275943b77edd95979e314b0f51ed97c076b565353fc9ce8ef1ca0f75,149,774ca6302f034fb19c2aa959efd3e6fa044ff9971799be1dd50f83178866d1cb,49,774ca6302f034fb19c2aa959efd3e6fa044ff9971799be1dd50f83178866d1cb,5963,True,ok,0.092,1000
checkpoint-disconnect-m1000-k50-r10-1783186940050488,disconnect,1000,128,50,10,1000,1000,0,0,True,client simulated disconnect,True,True,ok,True,True,0.26,20,50,100,a87f09e89fd2ce9ba978e8f10b8e6c935030e80adafaf8fe7843f475f861c079,149,9407e89ec9d806e006c3e02cceb5002ee6c7f7d83afb756f7dcfecd09ab0a863,49,9407e89ec9d806e006c3e02cceb5002ee6c7f7d83afb756f7dcfecd09ab0a863,5984,True,ok,0.092,1000
checkpoint-disconnect-m1000-k100-r1-1783186940142866,disconnect,1000,128,100,1,1000,1000,0,0,True,client simulated disconnect,True,True,ok,True,True,0.308,10,100,100,37c2ba01afc327910f689da6d928f235ae963f3feef587a9186e4ca2da4330d6,149,41a5c9a3a047219d435a3f19b5880aaa9f16e2ad2425ad98c13c57d5da210989,49,41a5c9a3a047219d435a3f19b5880aaa9f16e2ad2425ad98c13c57d5da210989,2992,True,ok,0.089,1000
checkpoint-disconnect-m1000-k100-r2-1783186940232363,disconnect,1000,128,100,2,1000,1000,0,0,True,client simulated disconnect,True,True,ok,True,True,0.485,10,100,100,a318194f99e038f483f09aa1068d45a0aa8aa66acd29d621f52884c1e368312c,149,418aabce9f585dd494674fb53262be6aeb31fa7ae508ce414713b615e53611a3,49,418aabce9f585dd494674fb53262be6aeb31fa7ae508ce414713b615e53611a3,2994,True,ok,0.086,1000
checkpoint-disconnect-m1000-k100-r3-1783186940318144,disconnect,1000,128,100,3,1000,1000,0,0,True,client simulated disconnect,True,True,ok,True,True,0.316,10,100,100,52f513ad88ac320bcdc666322eff22c38b725c175915a994515227d77ea5b5d8,149,bb408e4fbe79e0f88bfe7e9542ee25861bed296fd5f6c4ea316cdca6507f6511,49,bb408e4fbe79e0f88bfe7e9542ee25861bed296fd5f6c4ea316cdca6507f6511,2990,True,ok,0.085,1000
checkpoint-disconnect-m1000-k100-r4-1783186940403241,disconnect,1000,128,100,4,1000,1000,0,0,True,client simulated disconnect,True,True,ok,True,True,0.39,10,100,100,05918911997bd911f94ecac83d4e0885bc1a6b636ed654c339993b6225d55471,149,9b66ce038fa61f49697d5cf4bf42b05d1a692b12c06b1247e4a632579362b9c7,49,9b66ce038fa61f49697d5cf4bf42b05d1a692b12c06b1247e4a632579362b9c7,2995,True,ok,0.086,1000
checkpoint-disconnect-m1000-k100-r5-1783186940489418,disconnect,1000,128,100,5,1000,1000,0,0,True,client simulated disconnect,True,True,ok,True,True,0.24,10,100,100,c46482306a585efc565cda33c82ca054100e864dfd953406f23c1a9626ea25a4,149,41dc7ea84fe5da01afe002f4cd4306cafa39f73d39d1e3fcbb452ffb4025a81d,49,41dc7ea84fe5da01afe002f4cd4306cafa39f73d39d1e3fcbb452ffb4025a81d,2990,True,ok,0.083,1000
checkpoint-disconnect-m1000-k100-r6-1783186940572736,disconnect,1000,128,100,6,1000,1000,0,0,True,client simulated disconnect,True,True,ok,True,True,0.326,10,100,100,7496b75b4b6dbbf1ae120b04c6aa9524b743e8fd7db4e34c1320605a40e3bcc2,149,d79cb13e94a4776ce9495fc65bb2f1054d2976c08df4577194540438adfad4c2,49,d79cb13e94a4776ce9495fc65bb2f1054d2976c08df4577194540438adfad4c2,2993,True,ok,0.087,1000
checkpoint-disconnect-m1000-k100-r7-1783186940660292,disconnect,1000,128,100,7,1000,1000,0,0,True,client simulated disconnect,True,True,ok,True,True,0.282,10,100,100,a05953421031b211cfdcc252f6378b4d21558e240b88242b4eaa82f18fa72586,149,4a9a8ef0d7f3deefa444a80a3eca74a9008d4a478fbc028b50f0bc4b8a6447cf,49,4a9a8ef0d7f3deefa444a80a3eca74a9008d4a478fbc028b50f0bc4b8a6447cf,2989,True,ok,0.085,1000
checkpoint-disconnect-m1000-k100-r8-1783186940745257,disconnect,1000,128,100,8,1000,1000,0,0,True,client simulated disconnect,True,True,ok,True,True,0.299,10,100,100,6fd821e0f986381fabd745e69effe0affdaefc66024ec11c7336044fe24adf51,149,7dee6cf28815234360d1d545c2cec4bde500b50ace5e7767ba1bea93373cbb46,49,7dee6cf28815234360d1d545c2cec4bde500b50ace5e7767ba1bea93373cbb46,2992,True,ok,0.086,1000
checkpoint-disconnect-m1000-k100-r9-1783186940831394,disconnect,1000,128,100,9,1000,1000,0,0,True,client simulated disconnect,True,True,ok,True,True,0.275,10,100,100,fb9fd830c0669d15fb3a0150122e7cd53e2e8e26cfeb80f79cba5978157f673e,149,b4a1f4754c3a87a9319ef3685822965fdc1d410ac98d04be921cb6b331c29b35,49,b4a1f4754c3a87a9319ef3685822965fdc1d410ac98d04be921cb6b331c29b35,2990,True,ok,0.085,1000
checkpoint-disconnect-m1000-k100-r10-1783186940917028,disconnect,1000,128,100,10,1000,1000,0,0,True,client simulated disconnect,True,True,ok,True,True,0.346,10,100,100,f231012179bbebe7f85a3edb716d5fd263d84b5bbffbcceaa7800807629cd106,149,648dc6da9479e2d7e316556531e3993552ccfed1caf3dc208562f2e0e75fff85,49,648dc6da9479e2d7e316556531e3993552ccfed1caf3dc208562f2e0e75fff85,3002,True,ok,0.084,1000
checkpoint-drop-m1000-k50-r1-1783186941001364,drop,1000,128,50,1,1000,1000,0,0,True,drop attack at seq=150,True,True,ok,True,True,0.228,20,50,100,b3c0c98846b05f40008219859b8517e3eb0d29246f68907082f53f818bf40a92,149,ede6119671d19231923b19f80deff65e05e28ec236fa428b222dc9f872ca679d,49,ede6119671d19231923b19f80deff65e05e28ec236fa428b222dc9f872ca679d,5843,True,ok,0.093,1000
checkpoint-drop-m1000-k50-r2-1783186941094851,drop,1000,128,50,2,1000,1000,0,0,True,drop attack at seq=150,True,True,ok,True,True,0.2,20,50,100,bd0fedc1eb353f0f20080c67a6e576dc7890e9c3974cec5a4abb90c969c76c4d,149,67c7c223564699837f6dbb3d0efe86cab9287841c0ef874b7c681a2fd1ac81ee,49,67c7c223564699837f6dbb3d0efe86cab9287841c0ef874b7c681a2fd1ac81ee,5848,True,ok,0.088,1000
checkpoint-drop-m1000-k50-r3-1783186941183436,drop,1000,128,50,3,1000,1000,0,0,True,drop attack at seq=150,True,True,ok,True,True,0.211,20,50,100,2d965565c707dcdcb935fac2b61e55e28edd2d9c4b2750fe2c9a1f7a019c8490,149,cf80752e8e1ba3c745ec63295e5ebcbbb993decd01ee2259a310f8ccb971fcde,49,cf80752e8e1ba3c745ec63295e5ebcbbb993decd01ee2259a310f8ccb971fcde,5842,True,ok,0.092,1000
checkpoint-drop-m1000-k50-r4-1783186941275439,drop,1000,128,50,4,1000,1000,0,0,True,drop attack at seq=150,True,True,ok,True,True,0.26,20,50,100,b655c2b00c696586725539bc3471de4a7942a4751d70a7c77941760e825fcf5c,149,1bf0e513990f677e1f7741057ba03fbbb82d7c7cb929f93489e2daa5a32d418a,49,1bf0e513990f677e1f7741057ba03fbbb82d7c7cb929f93489e2daa5a32d418a,5842,True,ok,0.098,1000
checkpoint-drop-m1000-k50-r5-1783186941373597,drop,1000,128,50,5,1000,1000,0,0,True,drop attack at seq=150,True,True,ok,True,True,0.342,20,50,100,e49028e1d405d2549aa66aacc741898f1de8e85095651f0926e69ddd27f62b2e,149,cacf2f12f223ea9e63ef0b8281364d39926a5cfb14cdaf401586abf9032406a6,49,cacf2f12f223ea9e63ef0b8281364d39926a5cfb14cdaf401586abf9032406a6,5840,True,ok,0.088,1000
checkpoint-drop-m1000-k50-r6-1783186941461756,drop,1000,128,50,6,1000,1000,0,0,True,drop attack at seq=150,True,True,ok,True,True,0.19,20,50,100,0c374b61000aa6a304eb4a7ddbf421640aa49678b13c58e1a2ecb96e36e5a5de,149,2df53d8a16527cfc628be41e57afaa361affe9f970c078ff71b5473becb8ddca,49,2df53d8a16527cfc628be41e57afaa361affe9f970c078ff71b5473becb8ddca,5844,True,ok,0.09,1000
checkpoint-drop-m1000-k50-r7-1783186941551792,drop,1000,128,50,7,1000,1000,0,0,True,drop attack at seq=150,True,True,ok,True,True,0.216,20,50,100,34ce55dc51ebd1f82a488ee9d66a7d4a385d11957541868c77f3622d1809acd2,149,a533e19481481f191e89bcbe18f5f3dfdf07e07fde26a404763a2e225b6925b2,49,a533e19481481f191e89bcbe18f5f3dfdf07e07fde26a404763a2e225b6925b2,5846,True,ok,0.09,1000
checkpoint-drop-m1000-k50-r8-1783186941641852,drop,1000,128,50,8,1000,1000,0,0,True,drop attack at seq=150,True,True,ok,True,True,0.219,20,50,100,4956317e03ef1584faf118d8258e3fc542b0b362750e8c5b331c5989e8bae060,149,9183afbb04bd83f6258406ae226d424ba72689cec85edc862b2aca52fb35aa08,49,9183afbb04bd83f6258406ae226d424ba72689cec85edc862b2aca52fb35aa08,5842,True,ok,0.093,1000
checkpoint-drop-m1000-k50-r9-1783186941735290,drop,1000,128,50,9,1000,1000,0,0,True,drop attack at seq=150,True,True,ok,True,True,0.221,20,50,100,aaf983eb928dc40a065bf4a0730d49d3039dfd7f7ecd0af1714ab0d7f9008fe2,149,89b01feab9425c15b5a4c87189ea0fde287d42a713b9976ad224d92e93c5b4b9,49,89b01feab9425c15b5a4c87189ea0fde287d42a713b9976ad224d92e93c5b4b9,5846,True,ok,0.089,1000
checkpoint-drop-m1000-k50-r10-1783186941824619,drop,1000,128,50,10,1000,1000,0,0,True,drop attack at seq=150,True,True,ok,True,True,0.227,20,50,100,91eb3e0f3f1b5a3115400670964a233efe4ad21c9b8c3f86aa8fca32c2e3b5b9,149,6d762d9aa8050d40f712df05cf17f9fc083ec60e884bb425799fe05a822c5e2b,49,6d762d9aa8050d40f712df05cf17f9fc083ec60e884bb425799fe05a822c5e2b,5864,True,ok,0.089,1000
checkpoint-drop-m1000-k100-r1-1783186941913727,drop,1000,128,100,1,1000,1000,0,0,True,drop attack at seq=150,True,True,ok,True,True,0.209,10,100,100,5649c43607a131eb95d5b00fe92b26fd14fd3e6c0913125d552dff1f9a44e810,149,bb7da613b566635a512e49c54011b33fa390cc59cf7070c4e3bb4cf86737736d,49,bb7da613b566635a512e49c54011b33fa390cc59cf7070c4e3bb4cf86737736d,2934,True,ok,0.085,1000
checkpoint-drop-m1000-k100-r2-1783186941998870,drop,1000,128,100,2,1000,1000,0,0,True,drop attack at seq=150,True,True,ok,True,True,0.212,10,100,100,658927543eff64c7600ff62001f1fcfe675aa6e5c1b6509015a0f9be8cb21e09,149,9831e48cf8f71372665ba06b7e1beed37a72490e0160c241114bf3418b7b7561,49,9831e48cf8f71372665ba06b7e1beed37a72490e0160c241114bf3418b7b7561,2936,True,ok,0.085,1000
checkpoint-drop-m1000-k100-r3-1783186942083766,drop,1000,128,100,3,1000,1000,0,0,True,drop attack at seq=150,True,True,ok,True,True,0.25,10,100,100,4b23ea415cae13965ebe71e8bec3afc97aff496176791f18d55dfcfbb15f3f31,149,0c330f96395cd313fd1191c9e110680619afa05b32f72ca19a0a2bdac59bd298,49,0c330f96395cd313fd1191c9e110680619afa05b32f72ca19a0a2bdac59bd298,2931,True,ok,0.082,1000
checkpoint-drop-m1000-k100-r4-1783186942166164,drop,1000,128,100,4,1000,1000,0,0,True,drop attack at seq=150,True,True,ok,True,True,0.192,10,100,100,333e32563806c3ddb88cca482506c6bbf74772b9d368e64e5e9bfae356579a54,149,b087b4fe39f5bd9eb8b7e30102a27bc07e0226577029cdae63e222d1fb05a6d1,49,b087b4fe39f5bd9eb8b7e30102a27bc07e0226577029cdae63e222d1fb05a6d1,2933,True,ok,0.084,1000
checkpoint-drop-m1000-k100-r5-1783186942250219,drop,1000,128,100,5,1000,1000,0,0,True,drop attack at seq=150,True,True,ok,True,True,0.218,10,100,100,66a681958e3582c85086bfd2fdc997c971f15367db64c09e6cea679b757c266a,149,5f8f8f53b1aabc91b5b30d2bfbe014ee37beaadbe52427a8e4e05a1e3d0958fd,49,5f8f8f53b1aabc91b5b30d2bfbe014ee37beaadbe52427a8e4e05a1e3d0958fd,2932,True,ok,0.085,1000
checkpoint-drop-m1000-k100-r6-1783186942335876,drop,1000,128,100,6,1000,1000,0,0,True,drop attack at seq=150,True,True,ok,True,True,0.213,10,100,100,38ff9292232932452dc30b2a378187db2f2c7e12d91cee121c98a11d1a817477,149,57df1437422588e7b5002fe29f4fd1a4f0ab23dcd07d9affc91f708f873f9065,49,57df1437422588e7b5002fe29f4fd1a4f0ab23dcd07d9affc91f708f873f9065,2935,True,ok,0.085,1000
checkpoint-drop-m1000-k100-r7-1783186942421668,drop,1000,128,100,7,1000,1000,0,0,True,drop attack at seq=150,True,True,ok,True,True,0.216,10,100,100,6b9df8714a60aeb926de205d4e5307b5c7bea823cc3f9f40dfe1ad642ce4b245,149,3c76f83c34aed3a4cf3b10a3318a3979c9ff8190c03a7fe5f842768f09355ccc,49,3c76f83c34aed3a4cf3b10a3318a3979c9ff8190c03a7fe5f842768f09355ccc,2935,True,ok,0.084,1000
checkpoint-drop-m1000-k100-r8-1783186942505482,drop,1000,128,100,8,1000,1000,0,0,True,drop attack at seq=150,True,True,ok,True,True,0.197,10,100,100,6d6c18514b1d724d35b5867d037e0381286a470a44d6746f4571e02d5b67e892,149,65ffa9e34b57197efb5dcbd70d84e9440215dc8c7f653f6e0f1d3da19d14471e,49,65ffa9e34b57197efb5dcbd70d84e9440215dc8c7f653f6e0f1d3da19d14471e,2933,True,ok,0.084,1000
checkpoint-drop-m1000-k100-r9-1783186942590150,drop,1000,128,100,9,1000,1000,0,0,True,drop attack at seq=150,True,True,ok,True,True,0.222,10,100,100,9913c96ea8424cd823e93a047357f0d35f1346a9f454174a4df173930da6eac1,149,40141d06883c270900a464765ed0a9a2efe068ae5a0532c868bc8c9e3844d71a,49,40141d06883c270900a464765ed0a9a2efe068ae5a0532c868bc8c9e3844d71a,2937,True,ok,0.083,1000
checkpoint-drop-m1000-k100-r10-1783186942673831,drop,1000,128,100,10,1000,1000,0,0,True,drop attack at seq=150,True,True,ok,True,True,0.245,10,100,100,fbb78e63b29d5e77ffdd0ac938a428bd07b63e66e955c7bbddeed794f106dd5e,149,3389487d00a920cee10cf82e6d935138318c19f6d3cad77277843c468885940a,49,3389487d00a920cee10cf82e6d935138318c19f6d3cad77277843c468885940a,2942,True,ok,0.088,1000
checkpoint-modify-m1000-k50-r1-1783186942761948,modify,1000,128,50,1,1001,1000,1,0,True,auth_tag verification failed,True,True,ok,True,True,0.204,20,50,100,94695c86d99c369878dadeb4605e1dc79110a8e4337063b991a2e6841877cbda,149,94761d54cf732217f137916fa63081d44a958ba1de126cfe68baf065da20917a,49,94761d54cf732217f137916fa63081d44a958ba1de126cfe68baf065da20917a,5887,True,ok,0.094,1000
checkpoint-modify-m1000-k50-r2-1783186942856368,modify,1000,128,50,2,1001,1000,1,0,True,auth_tag verification failed,True,True,ok,True,True,0.3,20,50,100,3f86d6e0bd21163b436fa124c0f3f12a2775d5c617bdf1add606c5d04f1ad571,149,61006b4558720837228f0bd339b2bc8dd7ecc79c31764baf8a80952d9e8e3f75,49,61006b4558720837228f0bd339b2bc8dd7ecc79c31764baf8a80952d9e8e3f75,5888,True,ok,0.095,1000
checkpoint-modify-m1000-k50-r3-1783186942951658,modify,1000,128,50,3,1001,1000,1,0,True,auth_tag verification failed,True,True,ok,True,True,0.266,20,50,100,bcba8f6bc1d1284dbf14bbebec5b445b363e1ec03c1d7d8edd4a1e00bc95202b,149,20cd45d4d02448112653a97b25f19c776bc3502d135d663512867b050384dd0e,49,20cd45d4d02448112653a97b25f19c776bc3502d135d663512867b050384dd0e,5882,True,ok,0.093,1000
checkpoint-modify-m1000-k50-r4-1783186943044721,modify,1000,128,50,4,1001,1000,1,0,True,auth_tag verification failed,True,True,ok,True,True,0.206,20,50,100,494035bb75ddb2087de3470ba0cdb6f7cc92508be799aef022a3132a7e2ee9fb,149,a4a58fa3388f7214f5883f154a8637f9ae36f7e02804fcd63644c3c3bb2c132b,49,a4a58fa3388f7214f5883f154a8637f9ae36f7e02804fcd63644c3c3bb2c132b,5884,True,ok,0.125,1000
checkpoint-modify-m1000-k50-r5-1783186943170319,modify,1000,128,50,5,1001,1000,1,0,True,auth_tag verification failed,True,True,ok,True,True,0.237,20,50,100,95f3c5fd710416ce5889264aa6b427add7a58fd246a5baba12e9af150a86611e,149,a13852cac734584558529863e22bcfb439f3679f79ad53d31dc284a78693ddd9,49,a13852cac734584558529863e22bcfb439f3679f79ad53d31dc284a78693ddd9,5883,True,ok,0.093,1000
checkpoint-modify-m1000-k50-r6-1783186943263212,modify,1000,128,50,6,1001,1000,1,0,True,auth_tag verification failed,True,True,ok,True,True,0.188,20,50,100,f16fbb18b09723a79b5fba29bb04e044ca716b2e11e1d41b69cd1e2466f6eed4,149,2910dc7ebd737b37e870f3bb9a7b34769124e4a8e8b21efefc09a693fcc3cab3,49,2910dc7ebd737b37e870f3bb9a7b34769124e4a8e8b21efefc09a693fcc3cab3,5877,True,ok,0.09,1000
checkpoint-modify-m1000-k50-r7-1783186943353720,modify,1000,128,50,7,1001,1000,1,0,True,auth_tag verification failed,True,True,ok,True,True,0.185,20,50,100,2149caf6dc1ef7118472bbd61811502f7b6fc22280e37d3c755895085c80c5da,149,91c57f0e59f324aa41496a3ba523d2a4157620a629fa0c58b48a1ebeb9c36a15,49,91c57f0e59f324aa41496a3ba523d2a4157620a629fa0c58b48a1ebeb9c36a15,5888,True,ok,0.093,1000
checkpoint-modify-m1000-k50-r8-1783186943447280,modify,1000,128,50,8,1001,1000,1,0,True,auth_tag verification failed,True,True,ok,True,True,0.204,20,50,100,d2073bbddcb4b9d577057e907ff5b031211cc1db647b416fd8ab8accd085d560,149,cd748d536100a5fd7aba54805631902d22d11c8a299721373e91a4386cf16c41,49,cd748d536100a5fd7aba54805631902d22d11c8a299721373e91a4386cf16c41,5884,True,ok,0.091,1000
checkpoint-modify-m1000-k50-r9-1783186943538820,modify,1000,128,50,9,1001,1000,1,0,True,auth_tag verification failed,True,True,ok,True,True,0.213,20,50,100,4e1069d7d4d200c8b3039cc54dd54978679ecc0789ce5609a33efd7830aa75fe,149,312b76fa91376971f2aaf3e5c77a778b24521241e8b5885f850c9c2a5e3cda73,49,312b76fa91376971f2aaf3e5c77a778b24521241e8b5885f850c9c2a5e3cda73,5884,True,ok,0.096,1000
checkpoint-modify-m1000-k50-r10-1783186943634820,modify,1000,128,50,10,1001,1000,1,0,True,auth_tag verification failed,True,True,ok,True,True,0.201,20,50,100,025dbf82d78e5de624e7da20817910680be2235ffcda6f65ddd566cfa5cfcaf5,149,edc22ed16db6c2033513c455fd4bcdec516a66d36f101ca6db2c8ec73261146c,49,edc22ed16db6c2033513c455fd4bcdec516a66d36f101ca6db2c8ec73261146c,5904,True,ok,0.092,1000
checkpoint-modify-m1000-k100-r1-1783186943727383,modify,1000,128,100,1,1001,1000,1,0,True,auth_tag verification failed,True,True,ok,True,True,0.217,10,100,100,d50f50eca151e7a39e6808470279b930d1b17f90eb68b9b148caed64073f1dea,149,78522ff7bb4d69a41def5a1f335033744553ae98a983e3edd631aa1400910c35,49,78522ff7bb4d69a41def5a1f335033744553ae98a983e3edd631aa1400910c35,2953,True,ok,0.088,1000
checkpoint-modify-m1000-k100-r2-1783186943816107,modify,1000,128,100,2,1001,1000,1,0,True,auth_tag verification failed,True,True,ok,True,True,0.248,10,100,100,df3e169e26de51161472dddc75a316846b20d9522b51aeb52f838d8db3b67a83,149,37887f8327560648b29ba9579ac7a84d3bd29ccad3c97d14a371751a3b929c84,49,37887f8327560648b29ba9579ac7a84d3bd29ccad3c97d14a371751a3b929c84,2954,True,ok,0.088,1000
checkpoint-modify-m1000-k100-r3-1783186943904269,modify,1000,128,100,3,1001,1000,1,0,True,auth_tag verification failed,True,True,ok,True,True,0.191,10,100,100,af26efb7ed8fbcd1fd39075b3741e66296e12aba4b20a961d935c7c91b3e467e,149,20af35fcc7dd06f1ff3ef3e16c744cd482acf9e213e8ece2cdce5301b765b4a4,49,20af35fcc7dd06f1ff3ef3e16c744cd482acf9e213e8ece2cdce5301b765b4a4,2951,True,ok,0.088,1000
checkpoint-modify-m1000-k100-r4-1783186943992426,modify,1000,128,100,4,1001,1000,1,0,True,auth_tag verification failed,True,True,ok,True,True,0.253,10,100,100,08b25e5364d3aa794b15dfa50f4ccfa7ce00af3419ead36a95158189f93eb3d7,149,f235765c82e85ca12d109d226a0e579a625f800924cca21ca1b05e474f723085,49,f235765c82e85ca12d109d226a0e579a625f800924cca21ca1b05e474f723085,2955,True,ok,0.089,1000
checkpoint-modify-m1000-k100-r5-1783186944081300,modify,1000,128,100,5,1001,1000,1,0,True,auth_tag verification failed,True,True,ok,True,True,0.198,10,100,100,4634fd4a9390209af107d4aa729e87bc46dab45d26b600d78e3af1c4526255d6,149,76aa6a11bf1854f971394c1560a4e0b21a8b398188d0165a9e0b23d3483caaf7,49,76aa6a11bf1854f971394c1560a4e0b21a8b398188d0165a9e0b23d3483caaf7,2951,True,ok,0.086,1000
checkpoint-modify-m1000-k100-r6-1783186944167604,modify,1000,128,100,6,1001,1000,1,0,True,auth_tag verification failed,True,True,ok,True,True,0.193,10,100,100,e52c2c7abef37c88bbbcefa64d62b5361cfa8b2b2308837b85f16c5b75696bd9,149,f4e0cadea75049588737fed7a0d5e84d92194aec86140846556b3c5d96c3cd6d,49,f4e0cadea75049588737fed7a0d5e84d92194aec86140846556b3c5d96c3cd6d,2951,True,ok,0.088,1000
checkpoint-modify-m1000-k100-r7-1783186944255542,modify,1000,128,100,7,1001,1000,1,0,True,auth_tag verification failed,True,True,ok,True,True,0.256,10,100,100,83ceb550cf3e4586c585a816b7d452a07100de66d761cf51ed76298daad5b128,149,22870952e74c9c8e6a841f20fb126377764ac2fd8c3eaeeba7160e903a7967b8,49,22870952e74c9c8e6a841f20fb126377764ac2fd8c3eaeeba7160e903a7967b8,2957,True,ok,0.088,1000
checkpoint-modify-m1000-k100-r8-1783186944343662,modify,1000,128,100,8,1001,1000,1,0,True,auth_tag verification failed,True,True,ok,True,True,0.205,10,100,100,01e0818fefdd8b4a1fdaba05987fdeed6b06c0242a44c2781d4a00b1a68d32c5,149,e6ab09c26f8eb11fff9e18c0af1ea5cce4364307fcf5e4412abf3fc889042f4a,49,e6ab09c26f8eb11fff9e18c0af1ea5cce4364307fcf5e4412abf3fc889042f4a,2954,True,ok,0.09,1000
checkpoint-modify-m1000-k100-r9-1783186944434203,modify,1000,128,100,9,1001,1000,1,0,True,auth_tag verification failed,True,True,ok,True,True,0.215,10,100,100,44452e51dcbe78929794de6852d5281375fff22030699d159e7691da741a467f,149,1b3df86b178354a5b6e09f4e253243a23a339e5db14a78983201285a169bf703,49,1b3df86b178354a5b6e09f4e253243a23a339e5db14a78983201285a169bf703,2953,True,ok,0.09,1000
checkpoint-modify-m1000-k100-r10-1783186944524505,modify,1000,128,100,10,1001,1000,1,0,True,auth_tag verification failed,True,True,ok,True,True,0.25,10,100,100,b118475e1bf23f9c764d57640d96bf34a6de53e1c0a960fe0b786fb9a3e74c08,149,605a2f13f48424cd1babdfd6b6b7704ea40b25a31420dbdcae907baf4de31931,49,605a2f13f48424cd1babdfd6b6b7704ea40b25a31420dbdcae907baf4de31931,2962,True,ok,0.089,1000
