scenario,checkpoint_interval,payload_size,repeat_id,ticket_seq,client_seq,server_seq,floor_seq,response_seq,gap,response_advance,request_auth_ok,response_auth_ok,nonce_match,nonce_consumed,race_winner_count,state_unchanged,success,reason,recovery_latency_ms
control,50,128,1,100,100,100,100,100,0,0,True,True,True,True,0,False,True,ok,0.276
ack_loss,50,128,1,100,100,149,100,149,49,0,True,True,True,True,0,False,True,ok,0.283
old_ticket_within_window,50,128,1,100,100,149,100,149,49,0,True,True,True,True,0,False,True,ok,0.185
below_floor,50,128,1,100,100,200,0,0,100,-200,True,True,True,False,0,True,False,ok,0.136
control,50,128,2,100,100,100,100,100,0,0,True,True,True,True,0,False,True,ok,0.171
ack_loss,50,128,2,100,100,149,100,149,49,0,True,True,True,True,0,False,True,ok,0.174
old_ticket_within_window,50,128,2,100,100,149,100,149,49,0,True,True,True,True,0,False,True,ok,0.186
below_floor,50,128,2,100,100,200,0,0,100,-200,True,True,True,False,0,True,False,ok,0.153
control,50,128,3,100,100,100,100,100,0,0,True,True,True,True,0,False,True,ok,0.186
ack_loss,50,128,3,100,100,149,100,149,49,0,True,True,True,True,0,False,True,ok,0.266
old_ticket_within_window,50,128,3,100,100,149,100,149,49,0,True,True,True,True,0,False,True,ok,0.191
below_floor,50,128,3,100,100,200,0,0,100,-200,True,True,True,False,0,True,False,ok,0.154
control,50,128,4,100,100,100,100,100,0,0,True,True,True,True,0,False,True,ok,0.197
ack_loss,50,128,4,100,100,149,100,149,49,0,True,True,True,True,0,False,True,ok,0.226
old_ticket_within_window,50,128,4,100,100,149,100,149,49,0,True,True,True,True,0,False,True,ok,0.254
below_floor,50,128,4,100,100,200,0,0,100,-200,True,True,True,False,0,True,False,ok,0.135
control,50,128,5,100,100,100,100,100,0,0,True,True,True,True,0,False,True,ok,0.177
ack_loss,50,128,5,100,100,149,100,149,49,0,True,True,True,True,0,False,True,ok,0.252
old_ticket_within_window,50,128,5,100,100,149,100,149,49,0,True,True,True,True,0,False,True,ok,0.192
below_floor,50,128,5,100,100,200,0,0,100,-200,True,True,True,False,0,True,False,ok,0.183
control,50,128,6,100,100,100,100,100,0,0,True,True,True,True,0,False,True,ok,0.189
ack_loss,50,128,6,100,100,149,100,149,49,0,True,True,True,True,0,False,True,ok,0.218
old_ticket_within_window,50,128,6,100,100,149,100,149,49,0,True,True,True,True,0,False,True,ok,0.18
below_floor,50,128,6,100,100,200,0,0,100,-200,True,True,True,False,0,True,False,ok,0.128
control,50,128,7,100,100,100,100,100,0,0,True,True,True,True,0,False,True,ok,0.196
ack_loss,50,128,7,100,100,149,100,149,49,0,True,True,True,True,0,False,True,ok,0.221
old_ticket_within_window,50,128,7,100,100,149,100,149,49,0,True,True,True,True,0,False,True,ok,0.204
below_floor,50,128,7,100,100,200,0,0,100,-200,True,True,True,False,0,True,False,ok,0.121
control,50,128,8,100,100,100,100,100,0,0,True,True,True,True,0,False,True,ok,0.166
ack_loss,50,128,8,100,100,149,100,149,49,0,True,True,True,True,0,False,True,ok,0.278
old_ticket_within_window,50,128,8,100,100,149,100,149,49,0,True,True,True,True,0,False,True,ok,0.258
below_floor,50,128,8,100,100,200,0,0,100,-200,True,True,True,False,0,True,False,ok,0.317
control,50,128,9,100,100,100,100,100,0,0,True,True,True,True,0,False,True,ok,0.245
ack_loss,50,128,9,100,100,149,100,149,49,0,True,True,True,True,0,False,True,ok,0.213
old_ticket_within_window,50,128,9,100,100,149,100,149,49,0,True,True,True,True,0,False,True,ok,0.189
below_floor,50,128,9,100,100,200,0,0,100,-200,True,True,True,False,0,True,False,ok,0.19
control,50,128,10,100,100,100,100,100,0,0,True,True,True,True,0,False,True,ok,0.208
ack_loss,50,128,10,100,100,149,100,149,49,0,True,True,True,True,0,False,True,ok,0.197
old_ticket_within_window,50,128,10,100,100,149,100,149,49,0,True,True,True,True,0,False,True,ok,0.188
below_floor,50,128,10,100,100,200,0,0,100,-200,True,True,True,False,0,True,False,ok,0.145
control,50,128,11,100,100,100,100,100,0,0,True,True,True,True,0,False,True,ok,0.233
ack_loss,50,128,11,100,100,149,100,149,49,0,True,True,True,True,0,False,True,ok,0.195
old_ticket_within_window,50,128,11,100,100,149,100,149,49,0,True,True,True,True,0,False,True,ok,0.202
below_floor,50,128,11,100,100,200,0,0,100,-200,True,True,True,False,0,True,False,ok,0.187
control,50,128,12,100,100,100,100,100,0,0,True,True,True,True,0,False,True,ok,0.23
ack_loss,50,128,12,100,100,149,100,149,49,0,True,True,True,True,0,False,True,ok,0.166
old_ticket_within_window,50,128,12,100,100,149,100,149,49,0,True,True,True,True,0,False,True,ok,0.204
below_floor,50,128,12,100,100,200,0,0,100,-200,True,True,True,False,0,True,False,ok,0.137
control,50,128,13,100,100,100,100,100,0,0,True,True,True,True,0,False,True,ok,0.181
ack_loss,50,128,13,100,100,149,100,149,49,0,True,True,True,True,0,False,True,ok,0.178
old_ticket_within_window,50,128,13,100,100,149,100,149,49,0,True,True,True,True,0,False,True,ok,0.196
below_floor,50,128,13,100,100,200,0,0,100,-200,True,True,True,False,0,True,False,ok,0.153
control,50,128,14,100,100,100,100,100,0,0,True,True,True,True,0,False,True,ok,0.197
ack_loss,50,128,14,100,100,149,100,149,49,0,True,True,True,True,0,False,True,ok,0.281
old_ticket_within_window,50,128,14,100,100,149,100,149,49,0,True,True,True,True,0,False,True,ok,0.201
below_floor,50,128,14,100,100,200,0,0,100,-200,True,True,True,False,0,True,False,ok,0.203
control,50,128,15,100,100,100,100,100,0,0,True,True,True,True,0,False,True,ok,0.217
ack_loss,50,128,15,100,100,149,100,149,49,0,True,True,True,True,0,False,True,ok,0.195
old_ticket_within_window,50,128,15,100,100,149,100,149,49,0,True,True,True,True,0,False,True,ok,0.188
below_floor,50,128,15,100,100,200,0,0,100,-200,True,True,True,False,0,True,False,ok,0.154
control,50,128,16,100,100,100,100,100,0,0,True,True,True,True,0,False,True,ok,0.179
ack_loss,50,128,16,100,100,149,100,149,49,0,True,True,True,True,0,False,True,ok,0.176
old_ticket_within_window,50,128,16,100,100,149,100,149,49,0,True,True,True,True,0,False,True,ok,0.172
below_floor,50,128,16,100,100,200,0,0,100,-200,True,True,True,False,0,True,False,ok,0.12
control,50,128,17,100,100,100,100,100,0,0,True,True,True,True,0,False,True,ok,0.22
ack_loss,50,128,17,100,100,149,100,149,49,0,True,True,True,True,0,False,True,ok,0.163
old_ticket_within_window,50,128,17,100,100,149,100,149,49,0,True,True,True,True,0,False,True,ok,0.239
below_floor,50,128,17,100,100,200,0,0,100,-200,True,True,True,False,0,True,False,ok,0.126
control,50,128,18,100,100,100,100,100,0,0,True,True,True,True,0,False,True,ok,0.209
ack_loss,50,128,18,100,100,149,100,149,49,0,True,True,True,True,0,False,True,ok,0.178
old_ticket_within_window,50,128,18,100,100,149,100,149,49,0,True,True,True,True,0,False,True,ok,0.183
below_floor,50,128,18,100,100,200,0,0,100,-200,True,True,True,False,0,True,False,ok,0.193
control,50,128,19,100,100,100,100,100,0,0,True,True,True,True,0,False,True,ok,0.213
ack_loss,50,128,19,100,100,149,100,149,49,0,True,True,True,True,0,False,True,ok,0.189
old_ticket_within_window,50,128,19,100,100,149,100,149,49,0,True,True,True,True,0,False,True,ok,0.188
below_floor,50,128,19,100,100,200,0,0,100,-200,True,True,True,False,0,True,False,ok,0.135
control,50,128,20,100,100,100,100,100,0,0,True,True,True,True,0,False,True,ok,0.188
ack_loss,50,128,20,100,100,149,100,149,49,0,True,True,True,True,0,False,True,ok,0.197
old_ticket_within_window,50,128,20,100,100,149,100,149,49,0,True,True,True,True,0,False,True,ok,0.324
below_floor,50,128,20,100,100,200,0,0,100,-200,True,True,True,False,0,True,False,ok,0.131
control,50,128,21,100,100,100,100,100,0,0,True,True,True,True,0,False,True,ok,0.175
ack_loss,50,128,21,100,100,149,100,149,49,0,True,True,True,True,0,False,True,ok,0.217
old_ticket_within_window,50,128,21,100,100,149,100,149,49,0,True,True,True,True,0,False,True,ok,0.21
below_floor,50,128,21,100,100,200,0,0,100,-200,True,True,True,False,0,True,False,ok,0.156
control,50,128,22,100,100,100,100,100,0,0,True,True,True,True,0,False,True,ok,0.291
ack_loss,50,128,22,100,100,149,100,149,49,0,True,True,True,True,0,False,True,ok,0.196
old_ticket_within_window,50,128,22,100,100,149,100,149,49,0,True,True,True,True,0,False,True,ok,0.208
below_floor,50,128,22,100,100,200,0,0,100,-200,True,True,True,False,0,True,False,ok,0.199
control,50,128,23,100,100,100,100,100,0,0,True,True,True,True,0,False,True,ok,0.33
ack_loss,50,128,23,100,100,149,100,149,49,0,True,True,True,True,0,False,True,ok,0.245
old_ticket_within_window,50,128,23,100,100,149,100,149,49,0,True,True,True,True,0,False,True,ok,0.203
below_floor,50,128,23,100,100,200,0,0,100,-200,True,True,True,False,0,True,False,ok,0.164
control,50,128,24,100,100,100,100,100,0,0,True,True,True,True,0,False,True,ok,0.181
ack_loss,50,128,24,100,100,149,100,149,49,0,True,True,True,True,0,False,True,ok,0.215
old_ticket_within_window,50,128,24,100,100,149,100,149,49,0,True,True,True,True,0,False,True,ok,0.2
below_floor,50,128,24,100,100,200,0,0,100,-200,True,True,True,False,0,True,False,ok,0.138
control,50,128,25,100,100,100,100,100,0,0,True,True,True,True,0,False,True,ok,0.207
ack_loss,50,128,25,100,100,149,100,149,49,0,True,True,True,True,0,False,True,ok,0.187
old_ticket_within_window,50,128,25,100,100,149,100,149,49,0,True,True,True,True,0,False,True,ok,0.189
below_floor,50,128,25,100,100,200,0,0,100,-200,True,True,True,False,0,True,False,ok,0.134
control,50,128,26,100,100,100,100,100,0,0,True,True,True,True,0,False,True,ok,0.246
ack_loss,50,128,26,100,100,149,100,149,49,0,True,True,True,True,0,False,True,ok,0.176
old_ticket_within_window,50,128,26,100,100,149,100,149,49,0,True,True,True,True,0,False,True,ok,0.223
below_floor,50,128,26,100,100,200,0,0,100,-200,True,True,True,False,0,True,False,ok,0.155
control,50,128,27,100,100,100,100,100,0,0,True,True,True,True,0,False,True,ok,0.196
ack_loss,50,128,27,100,100,149,100,149,49,0,True,True,True,True,0,False,True,ok,0.195
old_ticket_within_window,50,128,27,100,100,149,100,149,49,0,True,True,True,True,0,False,True,ok,0.194
below_floor,50,128,27,100,100,200,0,0,100,-200,True,True,True,False,0,True,False,ok,0.176
control,50,128,28,100,100,100,100,100,0,0,True,True,True,True,0,False,True,ok,0.298
ack_loss,50,128,28,100,100,149,100,149,49,0,True,True,True,True,0,False,True,ok,0.175
old_ticket_within_window,50,128,28,100,100,149,100,149,49,0,True,True,True,True,0,False,True,ok,0.185
below_floor,50,128,28,100,100,200,0,0,100,-200,True,True,True,False,0,True,False,ok,0.144
control,50,128,29,100,100,100,100,100,0,0,True,True,True,True,0,False,True,ok,0.233
ack_loss,50,128,29,100,100,149,100,149,49,0,True,True,True,True,0,False,True,ok,0.2
old_ticket_within_window,50,128,29,100,100,149,100,149,49,0,True,True,True,True,0,False,True,ok,0.238
below_floor,50,128,29,100,100,200,0,0,100,-200,True,True,True,False,0,True,False,ok,0.128
control,50,128,30,100,100,100,100,100,0,0,True,True,True,True,0,False,True,ok,0.215
ack_loss,50,128,30,100,100,149,100,149,49,0,True,True,True,True,0,False,True,ok,0.194
old_ticket_within_window,50,128,30,100,100,149,100,149,49,0,True,True,True,True,0,False,True,ok,0.171
below_floor,50,128,30,100,100,200,0,0,100,-200,True,True,True,False,0,True,False,ok,0.128
control,50,512,1,100,100,100,100,100,0,0,True,True,True,True,0,False,True,ok,0.195
ack_loss,50,512,1,100,100,149,100,149,49,0,True,True,True,True,0,False,True,ok,0.183
old_ticket_within_window,50,512,1,100,100,149,100,149,49,0,True,True,True,True,0,False,True,ok,0.226
below_floor,50,512,1,100,100,200,0,0,100,-200,True,True,True,False,0,True,False,ok,0.167
control,50,512,2,100,100,100,100,100,0,0,True,True,True,True,0,False,True,ok,0.22
ack_loss,50,512,2,100,100,149,100,149,49,0,True,True,True,True,0,False,True,ok,0.181
old_ticket_within_window,50,512,2,100,100,149,100,149,49,0,True,True,True,True,0,False,True,ok,0.189
below_floor,50,512,2,100,100,200,0,0,100,-200,True,True,True,False,0,True,False,ok,0.132
control,50,512,3,100,100,100,100,100,0,0,True,True,True,True,0,False,True,ok,0.234
ack_loss,50,512,3,100,100,149,100,149,49,0,True,True,True,True,0,False,True,ok,0.239
old_ticket_within_window,50,512,3,100,100,149,100,149,49,0,True,True,True,True,0,False,True,ok,0.197
below_floor,50,512,3,100,100,200,0,0,100,-200,True,True,True,False,0,True,False,ok,0.154
control,50,512,4,100,100,100,100,100,0,0,True,True,True,True,0,False,True,ok,0.183
ack_loss,50,512,4,100,100,149,100,149,49,0,True,True,True,True,0,False,True,ok,0.245
old_ticket_within_window,50,512,4,100,100,149,100,149,49,0,True,True,True,True,0,False,True,ok,0.199
below_floor,50,512,4,100,100,200,0,0,100,-200,True,True,True,False,0,True,False,ok,0.149
control,50,512,5,100,100,100,100,100,0,0,True,True,True,True,0,False,True,ok,0.26
ack_loss,50,512,5,100,100,149,100,149,49,0,True,True,True,True,0,False,True,ok,0.221
old_ticket_within_window,50,512,5,100,100,149,100,149,49,0,True,True,True,True,0,False,True,ok,0.181
below_floor,50,512,5,100,100,200,0,0,100,-200,True,True,True,False,0,True,False,ok,0.166
control,50,512,6,100,100,100,100,100,0,0,True,True,True,True,0,False,True,ok,0.183
ack_loss,50,512,6,100,100,149,100,149,49,0,True,True,True,True,0,False,True,ok,0.196
old_ticket_within_window,50,512,6,100,100,149,100,149,49,0,True,True,True,True,0,False,True,ok,0.187
below_floor,50,512,6,100,100,200,0,0,100,-200,True,True,True,False,0,True,False,ok,0.141
control,50,512,7,100,100,100,100,100,0,0,True,True,True,True,0,False,True,ok,0.241
ack_loss,50,512,7,100,100,149,100,149,49,0,True,True,True,True,0,False,True,ok,0.208
old_ticket_within_window,50,512,7,100,100,149,100,149,49,0,True,True,True,True,0,False,True,ok,0.197
below_floor,50,512,7,100,100,200,0,0,100,-200,True,True,True,False,0,True,False,ok,0.119
control,50,512,8,100,100,100,100,100,0,0,True,True,True,True,0,False,True,ok,0.19
ack_loss,50,512,8,100,100,149,100,149,49,0,True,True,True,True,0,False,True,ok,0.198
old_ticket_within_window,50,512,8,100,100,149,100,149,49,0,True,True,True,True,0,False,True,ok,0.174
below_floor,50,512,8,100,100,200,0,0,100,-200,True,True,True,False,0,True,False,ok,0.126
control,50,512,9,100,100,100,100,100,0,0,True,True,True,True,0,False,True,ok,0.187
ack_loss,50,512,9,100,100,149,100,149,49,0,True,True,True,True,0,False,True,ok,0.203
old_ticket_within_window,50,512,9,100,100,149,100,149,49,0,True,True,True,True,0,False,True,ok,0.17
below_floor,50,512,9,100,100,200,0,0,100,-200,True,True,True,False,0,True,False,ok,0.122
control,50,512,10,100,100,100,100,100,0,0,True,True,True,True,0,False,True,ok,0.179
ack_loss,50,512,10,100,100,149,100,149,49,0,True,True,True,True,0,False,True,ok,0.253
old_ticket_within_window,50,512,10,100,100,149,100,149,49,0,True,True,True,True,0,False,True,ok,0.209
below_floor,50,512,10,100,100,200,0,0,100,-200,True,True,True,False,0,True,False,ok,0.133
control,50,512,11,100,100,100,100,100,0,0,True,True,True,True,0,False,True,ok,0.232
ack_loss,50,512,11,100,100,149,100,149,49,0,True,True,True,True,0,False,True,ok,0.185
old_ticket_within_window,50,512,11,100,100,149,100,149,49,0,True,True,True,True,0,False,True,ok,0.197
below_floor,50,512,11,100,100,200,0,0,100,-200,True,True,True,False,0,True,False,ok,0.153
control,50,512,12,100,100,100,100,100,0,0,True,True,True,True,0,False,True,ok,0.265
ack_loss,50,512,12,100,100,149,100,149,49,0,True,True,True,True,0,False,True,ok,0.211
old_ticket_within_window,50,512,12,100,100,149,100,149,49,0,True,True,True,True,0,False,True,ok,0.205
below_floor,50,512,12,100,100,200,0,0,100,-200,True,True,True,False,0,True,False,ok,0.151
control,50,512,13,100,100,100,100,100,0,0,True,True,True,True,0,False,True,ok,0.184
ack_loss,50,512,13,100,100,149,100,149,49,0,True,True,True,True,0,False,True,ok,0.192
old_ticket_within_window,50,512,13,100,100,149,100,149,49,0,True,True,True,True,0,False,True,ok,0.189
below_floor,50,512,13,100,100,200,0,0,100,-200,True,True,True,False,0,True,False,ok,0.135
control,50,512,14,100,100,100,100,100,0,0,True,True,True,True,0,False,True,ok,0.194
ack_loss,50,512,14,100,100,149,100,149,49,0,True,True,True,True,0,False,True,ok,0.198
old_ticket_within_window,50,512,14,100,100,149,100,149,49,0,True,True,True,True,0,False,True,ok,0.201
below_floor,50,512,14,100,100,200,0,0,100,-200,True,True,True,False,0,True,False,ok,0.128
control,50,512,15,100,100,100,100,100,0,0,True,True,True,True,0,False,True,ok,0.171
ack_loss,50,512,15,100,100,149,100,149,49,0,True,True,True,True,0,False,True,ok,0.227
old_ticket_within_window,50,512,15,100,100,149,100,149,49,0,True,True,True,True,0,False,True,ok,0.213
below_floor,50,512,15,100,100,200,0,0,100,-200,True,True,True,False,0,True,False,ok,0.388
control,50,512,16,100,100,100,100,100,0,0,True,True,True,True,0,False,True,ok,0.18
ack_loss,50,512,16,100,100,149,100,149,49,0,True,True,True,True,0,False,True,ok,0.206
old_ticket_within_window,50,512,16,100,100,149,100,149,49,0,True,True,True,True,0,False,True,ok,0.267
below_floor,50,512,16,100,100,200,0,0,100,-200,True,True,True,False,0,True,False,ok,0.129
control,50,512,17,100,100,100,100,100,0,0,True,True,True,True,0,False,True,ok,0.182
ack_loss,50,512,17,100,100,149,100,149,49,0,True,True,True,True,0,False,True,ok,0.213
old_ticket_within_window,50,512,17,100,100,149,100,149,49,0,True,True,True,True,0,False,True,ok,0.196
below_floor,50,512,17,100,100,200,0,0,100,-200,True,True,True,False,0,True,False,ok,0.206
control,50,512,18,100,100,100,100,100,0,0,True,True,True,True,0,False,True,ok,0.225
ack_loss,50,512,18,100,100,149,100,149,49,0,True,True,True,True,0,False,True,ok,0.191
old_ticket_within_window,50,512,18,100,100,149,100,149,49,0,True,True,True,True,0,False,True,ok,0.186
below_floor,50,512,18,100,100,200,0,0,100,-200,True,True,True,False,0,True,False,ok,0.131
control,50,512,19,100,100,100,100,100,0,0,True,True,True,True,0,False,True,ok,0.204
ack_loss,50,512,19,100,100,149,100,149,49,0,True,True,True,True,0,False,True,ok,0.218
old_ticket_within_window,50,512,19,100,100,149,100,149,49,0,True,True,True,True,0,False,True,ok,0.167
below_floor,50,512,19,100,100,200,0,0,100,-200,True,True,True,False,0,True,False,ok,0.134
control,50,512,20,100,100,100,100,100,0,0,True,True,True,True,0,False,True,ok,0.208
ack_loss,50,512,20,100,100,149,100,149,49,0,True,True,True,True,0,False,True,ok,0.25
old_ticket_within_window,50,512,20,100,100,149,100,149,49,0,True,True,True,True,0,False,True,ok,0.281
below_floor,50,512,20,100,100,200,0,0,100,-200,True,True,True,False,0,True,False,ok,0.128
control,50,512,21,100,100,100,100,100,0,0,True,True,True,True,0,False,True,ok,0.168
ack_loss,50,512,21,100,100,149,100,149,49,0,True,True,True,True,0,False,True,ok,0.171
old_ticket_within_window,50,512,21,100,100,149,100,149,49,0,True,True,True,True,0,False,True,ok,0.202
below_floor,50,512,21,100,100,200,0,0,100,-200,True,True,True,False,0,True,False,ok,0.211
control,50,512,22,100,100,100,100,100,0,0,True,True,True,True,0,False,True,ok,0.259
ack_loss,50,512,22,100,100,149,100,149,49,0,True,True,True,True,0,False,True,ok,0.191
old_ticket_within_window,50,512,22,100,100,149,100,149,49,0,True,True,True,True,0,False,True,ok,0.195
below_floor,50,512,22,100,100,200,0,0,100,-200,True,True,True,False,0,True,False,ok,0.136
control,50,512,23,100,100,100,100,100,0,0,True,True,True,True,0,False,True,ok,0.209
ack_loss,50,512,23,100,100,149,100,149,49,0,True,True,True,True,0,False,True,ok,0.187
old_ticket_within_window,50,512,23,100,100,149,100,149,49,0,True,True,True,True,0,False,True,ok,0.248
below_floor,50,512,23,100,100,200,0,0,100,-200,True,True,True,False,0,True,False,ok,0.127
control,50,512,24,100,100,100,100,100,0,0,True,True,True,True,0,False,True,ok,0.246
ack_loss,50,512,24,100,100,149,100,149,49,0,True,True,True,True,0,False,True,ok,0.186
old_ticket_within_window,50,512,24,100,100,149,100,149,49,0,True,True,True,True,0,False,True,ok,0.174
below_floor,50,512,24,100,100,200,0,0,100,-200,True,True,True,False,0,True,False,ok,0.146
control,50,512,25,100,100,100,100,100,0,0,True,True,True,True,0,False,True,ok,0.179
ack_loss,50,512,25,100,100,149,100,149,49,0,True,True,True,True,0,False,True,ok,0.195
old_ticket_within_window,50,512,25,100,100,149,100,149,49,0,True,True,True,True,0,False,True,ok,0.179
below_floor,50,512,25,100,100,200,0,0,100,-200,True,True,True,False,0,True,False,ok,0.123
control,50,512,26,100,100,100,100,100,0,0,True,True,True,True,0,False,True,ok,0.232
ack_loss,50,512,26,100,100,149,100,149,49,0,True,True,True,True,0,False,True,ok,0.191
old_ticket_within_window,50,512,26,100,100,149,100,149,49,0,True,True,True,True,0,False,True,ok,0.25
below_floor,50,512,26,100,100,200,0,0,100,-200,True,True,True,False,0,True,False,ok,0.131
control,50,512,27,100,100,100,100,100,0,0,True,True,True,True,0,False,True,ok,0.175
ack_loss,50,512,27,100,100,149,100,149,49,0,True,True,True,True,0,False,True,ok,0.186
old_ticket_within_window,50,512,27,100,100,149,100,149,49,0,True,True,True,True,0,False,True,ok,0.247
below_floor,50,512,27,100,100,200,0,0,100,-200,True,True,True,False,0,True,False,ok,0.172
control,50,512,28,100,100,100,100,100,0,0,True,True,True,True,0,False,True,ok,0.239
ack_loss,50,512,28,100,100,149,100,149,49,0,True,True,True,True,0,False,True,ok,0.196
old_ticket_within_window,50,512,28,100,100,149,100,149,49,0,True,True,True,True,0,False,True,ok,0.201
below_floor,50,512,28,100,100,200,0,0,100,-200,True,True,True,False,0,True,False,ok,0.131
control,50,512,29,100,100,100,100,100,0,0,True,True,True,True,0,False,True,ok,0.179
ack_loss,50,512,29,100,100,149,100,149,49,0,True,True,True,True,0,False,True,ok,0.195
old_ticket_within_window,50,512,29,100,100,149,100,149,49,0,True,True,True,True,0,False,True,ok,0.202
below_floor,50,512,29,100,100,200,0,0,100,-200,True,True,True,False,0,True,False,ok,0.134
control,50,512,30,100,100,100,100,100,0,0,True,True,True,True,0,False,True,ok,0.272
ack_loss,50,512,30,100,100,149,100,149,49,0,True,True,True,True,0,False,True,ok,0.232
old_ticket_within_window,50,512,30,100,100,149,100,149,49,0,True,True,True,True,0,False,True,ok,0.185
below_floor,50,512,30,100,100,200,0,0,100,-200,True,True,True,False,0,True,False,ok,0.143
control,100,128,1,100,100,100,100,100,0,0,True,True,True,True,0,False,True,ok,0.207
ack_loss,100,128,1,100,100,149,100,149,49,0,True,True,True,True,0,False,True,ok,0.186
old_ticket_within_window,100,128,1,100,100,199,100,199,99,0,True,True,True,True,0,False,True,ok,0.191
below_floor,100,128,1,100,100,200,0,0,100,-200,True,True,True,False,0,True,False,ok,0.128
control,100,128,2,100,100,100,100,100,0,0,True,True,True,True,0,False,True,ok,0.287
ack_loss,100,128,2,100,100,149,100,149,49,0,True,True,True,True,0,False,True,ok,0.193
old_ticket_within_window,100,128,2,100,100,199,100,199,99,0,True,True,True,True,0,False,True,ok,0.244
below_floor,100,128,2,100,100,200,0,0,100,-200,True,True,True,False,0,True,False,ok,0.125
control,100,128,3,100,100,100,100,100,0,0,True,True,True,True,0,False,True,ok,0.19
ack_loss,100,128,3,100,100,149,100,149,49,0,True,True,True,True,0,False,True,ok,0.182
old_ticket_within_window,100,128,3,100,100,199,100,199,99,0,True,True,True,True,0,False,True,ok,0.247
below_floor,100,128,3,100,100,200,0,0,100,-200,True,True,True,False,0,True,False,ok,0.124
control,100,128,4,100,100,100,100,100,0,0,True,True,True,True,0,False,True,ok,0.194
ack_loss,100,128,4,100,100,149,100,149,49,0,True,True,True,True,0,False,True,ok,0.214
old_ticket_within_window,100,128,4,100,100,199,100,199,99,0,True,True,True,True,0,False,True,ok,0.245
below_floor,100,128,4,100,100,200,0,0,100,-200,True,True,True,False,0,True,False,ok,0.122
control,100,128,5,100,100,100,100,100,0,0,True,True,True,True,0,False,True,ok,0.171
ack_loss,100,128,5,100,100,149,100,149,49,0,True,True,True,True,0,False,True,ok,0.191
old_ticket_within_window,100,128,5,100,100,199,100,199,99,0,True,True,True,True,0,False,True,ok,0.208
below_floor,100,128,5,100,100,200,0,0,100,-200,True,True,True,False,0,True,False,ok,0.12
control,100,128,6,100,100,100,100,100,0,0,True,True,True,True,0,False,True,ok,0.2
ack_loss,100,128,6,100,100,149,100,149,49,0,True,True,True,True,0,False,True,ok,0.187
old_ticket_within_window,100,128,6,100,100,199,100,199,99,0,True,True,True,True,0,False,True,ok,0.226
below_floor,100,128,6,100,100,200,0,0,100,-200,True,True,True,False,0,True,False,ok,0.17
control,100,128,7,100,100,100,100,100,0,0,True,True,True,True,0,False,True,ok,0.237
ack_loss,100,128,7,100,100,149,100,149,49,0,True,True,True,True,0,False,True,ok,0.613
old_ticket_within_window,100,128,7,100,100,199,100,199,99,0,True,True,True,True,0,False,True,ok,0.257
below_floor,100,128,7,100,100,200,0,0,100,-200,True,True,True,False,0,True,False,ok,0.131
control,100,128,8,100,100,100,100,100,0,0,True,True,True,True,0,False,True,ok,0.164
ack_loss,100,128,8,100,100,149,100,149,49,0,True,True,True,True,0,False,True,ok,0.169
old_ticket_within_window,100,128,8,100,100,199,100,199,99,0,True,True,True,True,0,False,True,ok,0.192
below_floor,100,128,8,100,100,200,0,0,100,-200,True,True,True,False,0,True,False,ok,0.196
control,100,128,9,100,100,100,100,100,0,0,True,True,True,True,0,False,True,ok,0.244
ack_loss,100,128,9,100,100,149,100,149,49,0,True,True,True,True,0,False,True,ok,0.205
old_ticket_within_window,100,128,9,100,100,199,100,199,99,0,True,True,True,True,0,False,True,ok,0.199
below_floor,100,128,9,100,100,200,0,0,100,-200,True,True,True,False,0,True,False,ok,0.132
control,100,128,10,100,100,100,100,100,0,0,True,True,True,True,0,False,True,ok,0.175
ack_loss,100,128,10,100,100,149,100,149,49,0,True,True,True,True,0,False,True,ok,0.179
old_ticket_within_window,100,128,10,100,100,199,100,199,99,0,True,True,True,True,0,False,True,ok,0.193
below_floor,100,128,10,100,100,200,0,0,100,-200,True,True,True,False,0,True,False,ok,0.168
control,100,128,11,100,100,100,100,100,0,0,True,True,True,True,0,False,True,ok,0.175
ack_loss,100,128,11,100,100,149,100,149,49,0,True,True,True,True,0,False,True,ok,0.245
old_ticket_within_window,100,128,11,100,100,199,100,199,99,0,True,True,True,True,0,False,True,ok,0.225
below_floor,100,128,11,100,100,200,0,0,100,-200,True,True,True,False,0,True,False,ok,0.146
control,100,128,12,100,100,100,100,100,0,0,True,True,True,True,0,False,True,ok,0.202
ack_loss,100,128,12,100,100,149,100,149,49,0,True,True,True,True,0,False,True,ok,0.173
old_ticket_within_window,100,128,12,100,100,199,100,199,99,0,True,True,True,True,0,False,True,ok,0.2
below_floor,100,128,12,100,100,200,0,0,100,-200,True,True,True,False,0,True,False,ok,0.135
control,100,128,13,100,100,100,100,100,0,0,True,True,True,True,0,False,True,ok,0.19
ack_loss,100,128,13,100,100,149,100,149,49,0,True,True,True,True,0,False,True,ok,0.209
old_ticket_within_window,100,128,13,100,100,199,100,199,99,0,True,True,True,True,0,False,True,ok,0.277
below_floor,100,128,13,100,100,200,0,0,100,-200,True,True,True,False,0,True,False,ok,0.135
control,100,128,14,100,100,100,100,100,0,0,True,True,True,True,0,False,True,ok,0.188
ack_loss,100,128,14,100,100,149,100,149,49,0,True,True,True,True,0,False,True,ok,0.184
old_ticket_within_window,100,128,14,100,100,199,100,199,99,0,True,True,True,True,0,False,True,ok,0.196
below_floor,100,128,14,100,100,200,0,0,100,-200,True,True,True,False,0,True,False,ok,0.129
control,100,128,15,100,100,100,100,100,0,0,True,True,True,True,0,False,True,ok,0.304
ack_loss,100,128,15,100,100,149,100,149,49,0,True,True,True,True,0,False,True,ok,0.219
old_ticket_within_window,100,128,15,100,100,199,100,199,99,0,True,True,True,True,0,False,True,ok,0.187
below_floor,100,128,15,100,100,200,0,0,100,-200,True,True,True,False,0,True,False,ok,0.138
control,100,128,16,100,100,100,100,100,0,0,True,True,True,True,0,False,True,ok,0.179
ack_loss,100,128,16,100,100,149,100,149,49,0,True,True,True,True,0,False,True,ok,0.172
old_ticket_within_window,100,128,16,100,100,199,100,199,99,0,True,True,True,True,0,False,True,ok,0.21
below_floor,100,128,16,100,100,200,0,0,100,-200,True,True,True,False,0,True,False,ok,0.138
control,100,128,17,100,100,100,100,100,0,0,True,True,True,True,0,False,True,ok,0.163
ack_loss,100,128,17,100,100,149,100,149,49,0,True,True,True,True,0,False,True,ok,0.169
old_ticket_within_window,100,128,17,100,100,199,100,199,99,0,True,True,True,True,0,False,True,ok,0.191
below_floor,100,128,17,100,100,200,0,0,100,-200,True,True,True,False,0,True,False,ok,0.176
control,100,128,18,100,100,100,100,100,0,0,True,True,True,True,0,False,True,ok,0.291
ack_loss,100,128,18,100,100,149,100,149,49,0,True,True,True,True,0,False,True,ok,0.189
old_ticket_within_window,100,128,18,100,100,199,100,199,99,0,True,True,True,True,0,False,True,ok,0.201
below_floor,100,128,18,100,100,200,0,0,100,-200,True,True,True,False,0,True,False,ok,0.141
control,100,128,19,100,100,100,100,100,0,0,True,True,True,True,0,False,True,ok,0.171
ack_loss,100,128,19,100,100,149,100,149,49,0,True,True,True,True,0,False,True,ok,0.193
old_ticket_within_window,100,128,19,100,100,199,100,199,99,0,True,True,True,True,0,False,True,ok,0.194
below_floor,100,128,19,100,100,200,0,0,100,-200,True,True,True,False,0,True,False,ok,0.128
control,100,128,20,100,100,100,100,100,0,0,True,True,True,True,0,False,True,ok,0.259
ack_loss,100,128,20,100,100,149,100,149,49,0,True,True,True,True,0,False,True,ok,0.204
old_ticket_within_window,100,128,20,100,100,199,100,199,99,0,True,True,True,True,0,False,True,ok,0.219
below_floor,100,128,20,100,100,200,0,0,100,-200,True,True,True,False,0,True,False,ok,0.156
control,100,128,21,100,100,100,100,100,0,0,True,True,True,True,0,False,True,ok,0.182
ack_loss,100,128,21,100,100,149,100,149,49,0,True,True,True,True,0,False,True,ok,0.207
old_ticket_within_window,100,128,21,100,100,199,100,199,99,0,True,True,True,True,0,False,True,ok,0.189
below_floor,100,128,21,100,100,200,0,0,100,-200,True,True,True,False,0,True,False,ok,0.125
control,100,128,22,100,100,100,100,100,0,0,True,True,True,True,0,False,True,ok,0.184
ack_loss,100,128,22,100,100,149,100,149,49,0,True,True,True,True,0,False,True,ok,0.177
old_ticket_within_window,100,128,22,100,100,199,100,199,99,0,True,True,True,True,0,False,True,ok,0.189
below_floor,100,128,22,100,100,200,0,0,100,-200,True,True,True,False,0,True,False,ok,0.203
control,100,128,23,100,100,100,100,100,0,0,True,True,True,True,0,False,True,ok,0.176
ack_loss,100,128,23,100,100,149,100,149,49,0,True,True,True,True,0,False,True,ok,0.236
old_ticket_within_window,100,128,23,100,100,199,100,199,99,0,True,True,True,True,0,False,True,ok,0.19
below_floor,100,128,23,100,100,200,0,0,100,-200,True,True,True,False,0,True,False,ok,0.128
control,100,128,24,100,100,100,100,100,0,0,True,True,True,True,0,False,True,ok,0.227
ack_loss,100,128,24,100,100,149,100,149,49,0,True,True,True,True,0,False,True,ok,0.182
old_ticket_within_window,100,128,24,100,100,199,100,199,99,0,True,True,True,True,0,False,True,ok,0.215
below_floor,100,128,24,100,100,200,0,0,100,-200,True,True,True,False,0,True,False,ok,0.125
control,100,128,25,100,100,100,100,100,0,0,True,True,True,True,0,False,True,ok,0.175
ack_loss,100,128,25,100,100,149,100,149,49,0,True,True,True,True,0,False,True,ok,0.222
old_ticket_within_window,100,128,25,100,100,199,100,199,99,0,True,True,True,True,0,False,True,ok,0.225
below_floor,100,128,25,100,100,200,0,0,100,-200,True,True,True,False,0,True,False,ok,0.14
control,100,128,26,100,100,100,100,100,0,0,True,True,True,True,0,False,True,ok,0.237
ack_loss,100,128,26,100,100,149,100,149,49,0,True,True,True,True,0,False,True,ok,0.196
old_ticket_within_window,100,128,26,100,100,199,100,199,99,0,True,True,True,True,0,False,True,ok,0.192
below_floor,100,128,26,100,100,200,0,0,100,-200,True,True,True,False,0,True,False,ok,0.138
control,100,128,27,100,100,100,100,100,0,0,True,True,True,True,0,False,True,ok,0.237
ack_loss,100,128,27,100,100,149,100,149,49,0,True,True,True,True,0,False,True,ok,0.242
old_ticket_within_window,100,128,27,100,100,199,100,199,99,0,True,True,True,True,0,False,True,ok,0.225
below_floor,100,128,27,100,100,200,0,0,100,-200,True,True,True,False,0,True,False,ok,0.132
control,100,128,28,100,100,100,100,100,0,0,True,True,True,True,0,False,True,ok,0.27
ack_loss,100,128,28,100,100,149,100,149,49,0,True,True,True,True,0,False,True,ok,0.2
old_ticket_within_window,100,128,28,100,100,199,100,199,99,0,True,True,True,True,0,False,True,ok,0.196
below_floor,100,128,28,100,100,200,0,0,100,-200,True,True,True,False,0,True,False,ok,0.147
control,100,128,29,100,100,100,100,100,0,0,True,True,True,True,0,False,True,ok,0.253
ack_loss,100,128,29,100,100,149,100,149,49,0,True,True,True,True,0,False,True,ok,0.191
old_ticket_within_window,100,128,29,100,100,199,100,199,99,0,True,True,True,True,0,False,True,ok,0.195
below_floor,100,128,29,100,100,200,0,0,100,-200,True,True,True,False,0,True,False,ok,0.16
control,100,128,30,100,100,100,100,100,0,0,True,True,True,True,0,False,True,ok,0.265
ack_loss,100,128,30,100,100,149,100,149,49,0,True,True,True,True,0,False,True,ok,0.249
old_ticket_within_window,100,128,30,100,100,199,100,199,99,0,True,True,True,True,0,False,True,ok,0.208
below_floor,100,128,30,100,100,200,0,0,100,-200,True,True,True,False,0,True,False,ok,0.132
control,100,512,1,100,100,100,100,100,0,0,True,True,True,True,0,False,True,ok,0.182
ack_loss,100,512,1,100,100,149,100,149,49,0,True,True,True,True,0,False,True,ok,0.195
old_ticket_within_window,100,512,1,100,100,199,100,199,99,0,True,True,True,True,0,False,True,ok,0.249
below_floor,100,512,1,100,100,200,0,0,100,-200,True,True,True,False,0,True,False,ok,0.182
control,100,512,2,100,100,100,100,100,0,0,True,True,True,True,0,False,True,ok,0.208
ack_loss,100,512,2,100,100,149,100,149,49,0,True,True,True,True,0,False,True,ok,0.194
old_ticket_within_window,100,512,2,100,100,199,100,199,99,0,True,True,True,True,0,False,True,ok,0.304
below_floor,100,512,2,100,100,200,0,0,100,-200,True,True,True,False,0,True,False,ok,0.141
control,100,512,3,100,100,100,100,100,0,0,True,True,True,True,0,False,True,ok,0.171
ack_loss,100,512,3,100,100,149,100,149,49,0,True,True,True,True,0,False,True,ok,0.301
old_ticket_within_window,100,512,3,100,100,199,100,199,99,0,True,True,True,True,0,False,True,ok,0.204
below_floor,100,512,3,100,100,200,0,0,100,-200,True,True,True,False,0,True,False,ok,0.142
control,100,512,4,100,100,100,100,100,0,0,True,True,True,True,0,False,True,ok,0.183
ack_loss,100,512,4,100,100,149,100,149,49,0,True,True,True,True,0,False,True,ok,0.266
old_ticket_within_window,100,512,4,100,100,199,100,199,99,0,True,True,True,True,0,False,True,ok,0.24
below_floor,100,512,4,100,100,200,0,0,100,-200,True,True,True,False,0,True,False,ok,0.119
control,100,512,5,100,100,100,100,100,0,0,True,True,True,True,0,False,True,ok,0.233
ack_loss,100,512,5,100,100,149,100,149,49,0,True,True,True,True,0,False,True,ok,0.187
old_ticket_within_window,100,512,5,100,100,199,100,199,99,0,True,True,True,True,0,False,True,ok,0.199
below_floor,100,512,5,100,100,200,0,0,100,-200,True,True,True,False,0,True,False,ok,0.12
control,100,512,6,100,100,100,100,100,0,0,True,True,True,True,0,False,True,ok,0.223
ack_loss,100,512,6,100,100,149,100,149,49,0,True,True,True,True,0,False,True,ok,0.198
old_ticket_within_window,100,512,6,100,100,199,100,199,99,0,True,True,True,True,0,False,True,ok,0.2
below_floor,100,512,6,100,100,200,0,0,100,-200,True,True,True,False,0,True,False,ok,0.18
control,100,512,7,100,100,100,100,100,0,0,True,True,True,True,0,False,True,ok,0.232
ack_loss,100,512,7,100,100,149,100,149,49,0,True,True,True,True,0,False,True,ok,0.203
old_ticket_within_window,100,512,7,100,100,199,100,199,99,0,True,True,True,True,0,False,True,ok,0.203
below_floor,100,512,7,100,100,200,0,0,100,-200,True,True,True,False,0,True,False,ok,0.145
control,100,512,8,100,100,100,100,100,0,0,True,True,True,True,0,False,True,ok,0.247
ack_loss,100,512,8,100,100,149,100,149,49,0,True,True,True,True,0,False,True,ok,0.213
old_ticket_within_window,100,512,8,100,100,199,100,199,99,0,True,True,True,True,0,False,True,ok,0.239
below_floor,100,512,8,100,100,200,0,0,100,-200,True,True,True,False,0,True,False,ok,0.186
control,100,512,9,100,100,100,100,100,0,0,True,True,True,True,0,False,True,ok,0.177
ack_loss,100,512,9,100,100,149,100,149,49,0,True,True,True,True,0,False,True,ok,0.207
old_ticket_within_window,100,512,9,100,100,199,100,199,99,0,True,True,True,True,0,False,True,ok,0.333
below_floor,100,512,9,100,100,200,0,0,100,-200,True,True,True,False,0,True,False,ok,0.279
control,100,512,10,100,100,100,100,100,0,0,True,True,True,True,0,False,True,ok,0.203
ack_loss,100,512,10,100,100,149,100,149,49,0,True,True,True,True,0,False,True,ok,0.187
old_ticket_within_window,100,512,10,100,100,199,100,199,99,0,True,True,True,True,0,False,True,ok,0.263
below_floor,100,512,10,100,100,200,0,0,100,-200,True,True,True,False,0,True,False,ok,0.13
control,100,512,11,100,100,100,100,100,0,0,True,True,True,True,0,False,True,ok,0.199
ack_loss,100,512,11,100,100,149,100,149,49,0,True,True,True,True,0,False,True,ok,0.24
old_ticket_within_window,100,512,11,100,100,199,100,199,99,0,True,True,True,True,0,False,True,ok,0.226
below_floor,100,512,11,100,100,200,0,0,100,-200,True,True,True,False,0,True,False,ok,0.128
control,100,512,12,100,100,100,100,100,0,0,True,True,True,True,0,False,True,ok,0.17
ack_loss,100,512,12,100,100,149,100,149,49,0,True,True,True,True,0,False,True,ok,0.197
old_ticket_within_window,100,512,12,100,100,199,100,199,99,0,True,True,True,True,0,False,True,ok,0.198
below_floor,100,512,12,100,100,200,0,0,100,-200,True,True,True,False,0,True,False,ok,0.122
control,100,512,13,100,100,100,100,100,0,0,True,True,True,True,0,False,True,ok,0.188
ack_loss,100,512,13,100,100,149,100,149,49,0,True,True,True,True,0,False,True,ok,0.257
old_ticket_within_window,100,512,13,100,100,199,100,199,99,0,True,True,True,True,0,False,True,ok,0.197
below_floor,100,512,13,100,100,200,0,0,100,-200,True,True,True,False,0,True,False,ok,0.125
control,100,512,14,100,100,100,100,100,0,0,True,True,True,True,0,False,True,ok,0.181
ack_loss,100,512,14,100,100,149,100,149,49,0,True,True,True,True,0,False,True,ok,0.191
old_ticket_within_window,100,512,14,100,100,199,100,199,99,0,True,True,True,True,0,False,True,ok,0.21
below_floor,100,512,14,100,100,200,0,0,100,-200,True,True,True,False,0,True,False,ok,0.152
control,100,512,15,100,100,100,100,100,0,0,True,True,True,True,0,False,True,ok,0.179
ack_loss,100,512,15,100,100,149,100,149,49,0,True,True,True,True,0,False,True,ok,0.206
old_ticket_within_window,100,512,15,100,100,199,100,199,99,0,True,True,True,True,0,False,True,ok,0.195
below_floor,100,512,15,100,100,200,0,0,100,-200,True,True,True,False,0,True,False,ok,0.13
control,100,512,16,100,100,100,100,100,0,0,True,True,True,True,0,False,True,ok,0.164
ack_loss,100,512,16,100,100,149,100,149,49,0,True,True,True,True,0,False,True,ok,0.203
old_ticket_within_window,100,512,16,100,100,199,100,199,99,0,True,True,True,True,0,False,True,ok,0.193
below_floor,100,512,16,100,100,200,0,0,100,-200,True,True,True,False,0,True,False,ok,0.144
control,100,512,17,100,100,100,100,100,0,0,True,True,True,True,0,False,True,ok,0.168
ack_loss,100,512,17,100,100,149,100,149,49,0,True,True,True,True,0,False,True,ok,0.205
old_ticket_within_window,100,512,17,100,100,199,100,199,99,0,True,True,True,True,0,False,True,ok,0.279
below_floor,100,512,17,100,100,200,0,0,100,-200,True,True,True,False,0,True,False,ok,0.151
control,100,512,18,100,100,100,100,100,0,0,True,True,True,True,0,False,True,ok,0.22
ack_loss,100,512,18,100,100,149,100,149,49,0,True,True,True,True,0,False,True,ok,0.211
old_ticket_within_window,100,512,18,100,100,199,100,199,99,0,True,True,True,True,0,False,True,ok,0.214
below_floor,100,512,18,100,100,200,0,0,100,-200,True,True,True,False,0,True,False,ok,0.125
control,100,512,19,100,100,100,100,100,0,0,True,True,True,True,0,False,True,ok,0.215
ack_loss,100,512,19,100,100,149,100,149,49,0,True,True,True,True,0,False,True,ok,0.187
old_ticket_within_window,100,512,19,100,100,199,100,199,99,0,True,True,True,True,0,False,True,ok,0.234
below_floor,100,512,19,100,100,200,0,0,100,-200,True,True,True,False,0,True,False,ok,0.197
control,100,512,20,100,100,100,100,100,0,0,True,True,True,True,0,False,True,ok,0.241
ack_loss,100,512,20,100,100,149,100,149,49,0,True,True,True,True,0,False,True,ok,0.195
old_ticket_within_window,100,512,20,100,100,199,100,199,99,0,True,True,True,True,0,False,True,ok,0.196
below_floor,100,512,20,100,100,200,0,0,100,-200,True,True,True,False,0,True,False,ok,0.157
control,100,512,21,100,100,100,100,100,0,0,True,True,True,True,0,False,True,ok,0.199
ack_loss,100,512,21,100,100,149,100,149,49,0,True,True,True,True,0,False,True,ok,0.203
old_ticket_within_window,100,512,21,100,100,199,100,199,99,0,True,True,True,True,0,False,True,ok,0.216
below_floor,100,512,21,100,100,200,0,0,100,-200,True,True,True,False,0,True,False,ok,0.137
control,100,512,22,100,100,100,100,100,0,0,True,True,True,True,0,False,True,ok,0.201
ack_loss,100,512,22,100,100,149,100,149,49,0,True,True,True,True,0,False,True,ok,0.168
old_ticket_within_window,100,512,22,100,100,199,100,199,99,0,True,True,True,True,0,False,True,ok,0.199
below_floor,100,512,22,100,100,200,0,0,100,-200,True,True,True,False,0,True,False,ok,0.139
control,100,512,23,100,100,100,100,100,0,0,True,True,True,True,0,False,True,ok,0.181
ack_loss,100,512,23,100,100,149,100,149,49,0,True,True,True,True,0,False,True,ok,0.173
old_ticket_within_window,100,512,23,100,100,199,100,199,99,0,True,True,True,True,0,False,True,ok,0.2
below_floor,100,512,23,100,100,200,0,0,100,-200,True,True,True,False,0,True,False,ok,0.159
control,100,512,24,100,100,100,100,100,0,0,True,True,True,True,0,False,True,ok,0.203
ack_loss,100,512,24,100,100,149,100,149,49,0,True,True,True,True,0,False,True,ok,0.214
old_ticket_within_window,100,512,24,100,100,199,100,199,99,0,True,True,True,True,0,False,True,ok,0.205
below_floor,100,512,24,100,100,200,0,0,100,-200,True,True,True,False,0,True,False,ok,0.205
control,100,512,25,100,100,100,100,100,0,0,True,True,True,True,0,False,True,ok,0.188
ack_loss,100,512,25,100,100,149,100,149,49,0,True,True,True,True,0,False,True,ok,0.216
old_ticket_within_window,100,512,25,100,100,199,100,199,99,0,True,True,True,True,0,False,True,ok,0.282
below_floor,100,512,25,100,100,200,0,0,100,-200,True,True,True,False,0,True,False,ok,0.171
control,100,512,26,100,100,100,100,100,0,0,True,True,True,True,0,False,True,ok,0.254
ack_loss,100,512,26,100,100,149,100,149,49,0,True,True,True,True,0,False,True,ok,0.191
old_ticket_within_window,100,512,26,100,100,199,100,199,99,0,True,True,True,True,0,False,True,ok,0.212
below_floor,100,512,26,100,100,200,0,0,100,-200,True,True,True,False,0,True,False,ok,0.185
control,100,512,27,100,100,100,100,100,0,0,True,True,True,True,0,False,True,ok,0.267
ack_loss,100,512,27,100,100,149,100,149,49,0,True,True,True,True,0,False,True,ok,0.2
old_ticket_within_window,100,512,27,100,100,199,100,199,99,0,True,True,True,True,0,False,True,ok,0.267
below_floor,100,512,27,100,100,200,0,0,100,-200,True,True,True,False,0,True,False,ok,0.168
control,100,512,28,100,100,100,100,100,0,0,True,True,True,True,0,False,True,ok,0.181
ack_loss,100,512,28,100,100,149,100,149,49,0,True,True,True,True,0,False,True,ok,0.204
old_ticket_within_window,100,512,28,100,100,199,100,199,99,0,True,True,True,True,0,False,True,ok,0.19
below_floor,100,512,28,100,100,200,0,0,100,-200,True,True,True,False,0,True,False,ok,0.131
control,100,512,29,100,100,100,100,100,0,0,True,True,True,True,0,False,True,ok,0.179
ack_loss,100,512,29,100,100,149,100,149,49,0,True,True,True,True,0,False,True,ok,0.236
old_ticket_within_window,100,512,29,100,100,199,100,199,99,0,True,True,True,True,0,False,True,ok,0.197
below_floor,100,512,29,100,100,200,0,0,100,-200,True,True,True,False,0,True,False,ok,0.134
control,100,512,30,100,100,100,100,100,0,0,True,True,True,True,0,False,True,ok,0.182
ack_loss,100,512,30,100,100,149,100,149,49,0,True,True,True,True,0,False,True,ok,0.272
old_ticket_within_window,100,512,30,100,100,199,100,199,99,0,True,True,True,True,0,False,True,ok,0.182
below_floor,100,512,30,100,100,200,0,0,100,-200,True,True,True,False,0,True,False,ok,0.123
control,200,128,1,100,100,100,100,100,0,0,True,True,True,True,0,False,True,ok,0.193
ack_loss,200,128,1,100,100,149,100,149,49,0,True,True,True,True,0,False,True,ok,0.18
old_ticket_within_window,200,128,1,100,100,199,100,199,99,0,True,True,True,True,0,False,True,ok,0.207
below_floor,200,128,1,100,100,200,0,0,100,-200,True,True,True,False,0,True,False,ok,0.128
control,200,128,2,100,100,100,100,100,0,0,True,True,True,True,0,False,True,ok,0.249
ack_loss,200,128,2,100,100,149,100,149,49,0,True,True,True,True,0,False,True,ok,0.187
old_ticket_within_window,200,128,2,100,100,199,100,199,99,0,True,True,True,True,0,False,True,ok,0.207
below_floor,200,128,2,100,100,200,0,0,100,-200,True,True,True,False,0,True,False,ok,0.132
control,200,128,3,100,100,100,100,100,0,0,True,True,True,True,0,False,True,ok,0.181
ack_loss,200,128,3,100,100,149,100,149,49,0,True,True,True,True,0,False,True,ok,0.179
old_ticket_within_window,200,128,3,100,100,199,100,199,99,0,True,True,True,True,0,False,True,ok,0.192
below_floor,200,128,3,100,100,200,0,0,100,-200,True,True,True,False,0,True,False,ok,0.208
control,200,128,4,100,100,100,100,100,0,0,True,True,True,True,0,False,True,ok,0.192
ack_loss,200,128,4,100,100,149,100,149,49,0,True,True,True,True,0,False,True,ok,0.201
old_ticket_within_window,200,128,4,100,100,199,100,199,99,0,True,True,True,True,0,False,True,ok,0.221
below_floor,200,128,4,100,100,200,0,0,100,-200,True,True,True,False,0,True,False,ok,0.155
control,200,128,5,100,100,100,100,100,0,0,True,True,True,True,0,False,True,ok,0.183
ack_loss,200,128,5,100,100,149,100,149,49,0,True,True,True,True,0,False,True,ok,0.177
old_ticket_within_window,200,128,5,100,100,199,100,199,99,0,True,True,True,True,0,False,True,ok,0.234
below_floor,200,128,5,100,100,200,0,0,100,-200,True,True,True,False,0,True,False,ok,0.143
control,200,128,6,100,100,100,100,100,0,0,True,True,True,True,0,False,True,ok,0.167
ack_loss,200,128,6,100,100,149,100,149,49,0,True,True,True,True,0,False,True,ok,0.187
old_ticket_within_window,200,128,6,100,100,199,100,199,99,0,True,True,True,True,0,False,True,ok,0.2
below_floor,200,128,6,100,100,200,0,0,100,-200,True,True,True,False,0,True,False,ok,0.131
control,200,128,7,100,100,100,100,100,0,0,True,True,True,True,0,False,True,ok,0.183
ack_loss,200,128,7,100,100,149,100,149,49,0,True,True,True,True,0,False,True,ok,0.193
old_ticket_within_window,200,128,7,100,100,199,100,199,99,0,True,True,True,True,0,False,True,ok,0.201
below_floor,200,128,7,100,100,200,0,0,100,-200,True,True,True,False,0,True,False,ok,0.202
control,200,128,8,100,100,100,100,100,0,0,True,True,True,True,0,False,True,ok,0.179
ack_loss,200,128,8,100,100,149,100,149,49,0,True,True,True,True,0,False,True,ok,0.182
old_ticket_within_window,200,128,8,100,100,199,100,199,99,0,True,True,True,True,0,False,True,ok,0.192
below_floor,200,128,8,100,100,200,0,0,100,-200,True,True,True,False,0,True,False,ok,0.162
control,200,128,9,100,100,100,100,100,0,0,True,True,True,True,0,False,True,ok,0.28
ack_loss,200,128,9,100,100,149,100,149,49,0,True,True,True,True,0,False,True,ok,0.167
old_ticket_within_window,200,128,9,100,100,199,100,199,99,0,True,True,True,True,0,False,True,ok,0.225
below_floor,200,128,9,100,100,200,0,0,100,-200,True,True,True,False,0,True,False,ok,0.129
control,200,128,10,100,100,100,100,100,0,0,True,True,True,True,0,False,True,ok,0.188
ack_loss,200,128,10,100,100,149,100,149,49,0,True,True,True,True,0,False,True,ok,0.178
old_ticket_within_window,200,128,10,100,100,199,100,199,99,0,True,True,True,True,0,False,True,ok,0.196
below_floor,200,128,10,100,100,200,0,0,100,-200,True,True,True,False,0,True,False,ok,0.129
control,200,128,11,100,100,100,100,100,0,0,True,True,True,True,0,False,True,ok,0.257
ack_loss,200,128,11,100,100,149,100,149,49,0,True,True,True,True,0,False,True,ok,0.211
old_ticket_within_window,200,128,11,100,100,199,100,199,99,0,True,True,True,True,0,False,True,ok,0.222
below_floor,200,128,11,100,100,200,0,0,100,-200,True,True,True,False,0,True,False,ok,0.143
control,200,128,12,100,100,100,100,100,0,0,True,True,True,True,0,False,True,ok,0.687
ack_loss,200,128,12,100,100,149,100,149,49,0,True,True,True,True,0,False,True,ok,0.198
old_ticket_within_window,200,128,12,100,100,199,100,199,99,0,True,True,True,True,0,False,True,ok,0.214
below_floor,200,128,12,100,100,200,0,0,100,-200,True,True,True,False,0,True,False,ok,0.137
control,200,128,13,100,100,100,100,100,0,0,True,True,True,True,0,False,True,ok,0.18
ack_loss,200,128,13,100,100,149,100,149,49,0,True,True,True,True,0,False,True,ok,0.196
old_ticket_within_window,200,128,13,100,100,199,100,199,99,0,True,True,True,True,0,False,True,ok,0.192
below_floor,200,128,13,100,100,200,0,0,100,-200,True,True,True,False,0,True,False,ok,0.164
control,200,128,14,100,100,100,100,100,0,0,True,True,True,True,0,False,True,ok,0.182
ack_loss,200,128,14,100,100,149,100,149,49,0,True,True,True,True,0,False,True,ok,0.186
old_ticket_within_window,200,128,14,100,100,199,100,199,99,0,True,True,True,True,0,False,True,ok,0.2
below_floor,200,128,14,100,100,200,0,0,100,-200,True,True,True,False,0,True,False,ok,0.193
control,200,128,15,100,100,100,100,100,0,0,True,True,True,True,0,False,True,ok,0.233
ack_loss,200,128,15,100,100,149,100,149,49,0,True,True,True,True,0,False,True,ok,0.199
old_ticket_within_window,200,128,15,100,100,199,100,199,99,0,True,True,True,True,0,False,True,ok,0.193
below_floor,200,128,15,100,100,200,0,0,100,-200,True,True,True,False,0,True,False,ok,0.126
control,200,128,16,100,100,100,100,100,0,0,True,True,True,True,0,False,True,ok,0.218
ack_loss,200,128,16,100,100,149,100,149,49,0,True,True,True,True,0,False,True,ok,0.18
old_ticket_within_window,200,128,16,100,100,199,100,199,99,0,True,True,True,True,0,False,True,ok,0.262
below_floor,200,128,16,100,100,200,0,0,100,-200,True,True,True,False,0,True,False,ok,0.158
control,200,128,17,100,100,100,100,100,0,0,True,True,True,True,0,False,True,ok,0.244
ack_loss,200,128,17,100,100,149,100,149,49,0,True,True,True,True,0,False,True,ok,0.195
old_ticket_within_window,200,128,17,100,100,199,100,199,99,0,True,True,True,True,0,False,True,ok,0.198
below_floor,200,128,17,100,100,200,0,0,100,-200,True,True,True,False,0,True,False,ok,0.132
control,200,128,18,100,100,100,100,100,0,0,True,True,True,True,0,False,True,ok,0.209
ack_loss,200,128,18,100,100,149,100,149,49,0,True,True,True,True,0,False,True,ok,0.18
old_ticket_within_window,200,128,18,100,100,199,100,199,99,0,True,True,True,True,0,False,True,ok,0.197
below_floor,200,128,18,100,100,200,0,0,100,-200,True,True,True,False,0,True,False,ok,0.131
control,200,128,19,100,100,100,100,100,0,0,True,True,True,True,0,False,True,ok,0.171
ack_loss,200,128,19,100,100,149,100,149,49,0,True,True,True,True,0,False,True,ok,0.192
old_ticket_within_window,200,128,19,100,100,199,100,199,99,0,True,True,True,True,0,False,True,ok,0.179
below_floor,200,128,19,100,100,200,0,0,100,-200,True,True,True,False,0,True,False,ok,0.155
control,200,128,20,100,100,100,100,100,0,0,True,True,True,True,0,False,True,ok,0.211
ack_loss,200,128,20,100,100,149,100,149,49,0,True,True,True,True,0,False,True,ok,0.242
old_ticket_within_window,200,128,20,100,100,199,100,199,99,0,True,True,True,True,0,False,True,ok,0.195
below_floor,200,128,20,100,100,200,0,0,100,-200,True,True,True,False,0,True,False,ok,0.127
control,200,128,21,100,100,100,100,100,0,0,True,True,True,True,0,False,True,ok,0.18
ack_loss,200,128,21,100,100,149,100,149,49,0,True,True,True,True,0,False,True,ok,0.183
old_ticket_within_window,200,128,21,100,100,199,100,199,99,0,True,True,True,True,0,False,True,ok,0.195
below_floor,200,128,21,100,100,200,0,0,100,-200,True,True,True,False,0,True,False,ok,0.143
control,200,128,22,100,100,100,100,100,0,0,True,True,True,True,0,False,True,ok,0.255
ack_loss,200,128,22,100,100,149,100,149,49,0,True,True,True,True,0,False,True,ok,0.191
old_ticket_within_window,200,128,22,100,100,199,100,199,99,0,True,True,True,True,0,False,True,ok,0.205
below_floor,200,128,22,100,100,200,0,0,100,-200,True,True,True,False,0,True,False,ok,0.152
control,200,128,23,100,100,100,100,100,0,0,True,True,True,True,0,False,True,ok,0.186
ack_loss,200,128,23,100,100,149,100,149,49,0,True,True,True,True,0,False,True,ok,0.187
old_ticket_within_window,200,128,23,100,100,199,100,199,99,0,True,True,True,True,0,False,True,ok,0.202
below_floor,200,128,23,100,100,200,0,0,100,-200,True,True,True,False,0,True,False,ok,0.131
control,200,128,24,100,100,100,100,100,0,0,True,True,True,True,0,False,True,ok,0.186
ack_loss,200,128,24,100,100,149,100,149,49,0,True,True,True,True,0,False,True,ok,0.189
old_ticket_within_window,200,128,24,100,100,199,100,199,99,0,True,True,True,True,0,False,True,ok,0.212
below_floor,200,128,24,100,100,200,0,0,100,-200,True,True,True,False,0,True,False,ok,0.19
control,200,128,25,100,100,100,100,100,0,0,True,True,True,True,0,False,True,ok,0.184
ack_loss,200,128,25,100,100,149,100,149,49,0,True,True,True,True,0,False,True,ok,0.196
old_ticket_within_window,200,128,25,100,100,199,100,199,99,0,True,True,True,True,0,False,True,ok,0.211
below_floor,200,128,25,100,100,200,0,0,100,-200,True,True,True,False,0,True,False,ok,0.131
control,200,128,26,100,100,100,100,100,0,0,True,True,True,True,0,False,True,ok,0.185
ack_loss,200,128,26,100,100,149,100,149,49,0,True,True,True,True,0,False,True,ok,0.185
old_ticket_within_window,200,128,26,100,100,199,100,199,99,0,True,True,True,True,0,False,True,ok,0.19
below_floor,200,128,26,100,100,200,0,0,100,-200,True,True,True,False,0,True,False,ok,0.153
control,200,128,27,100,100,100,100,100,0,0,True,True,True,True,0,False,True,ok,0.182
ack_loss,200,128,27,100,100,149,100,149,49,0,True,True,True,True,0,False,True,ok,0.262
old_ticket_within_window,200,128,27,100,100,199,100,199,99,0,True,True,True,True,0,False,True,ok,0.196
below_floor,200,128,27,100,100,200,0,0,100,-200,True,True,True,False,0,True,False,ok,0.131
control,200,128,28,100,100,100,100,100,0,0,True,True,True,True,0,False,True,ok,0.192
ack_loss,200,128,28,100,100,149,100,149,49,0,True,True,True,True,0,False,True,ok,0.211
old_ticket_within_window,200,128,28,100,100,199,100,199,99,0,True,True,True,True,0,False,True,ok,0.253
below_floor,200,128,28,100,100,200,0,0,100,-200,True,True,True,False,0,True,False,ok,0.136
control,200,128,29,100,100,100,100,100,0,0,True,True,True,True,0,False,True,ok,0.18
ack_loss,200,128,29,100,100,149,100,149,49,0,True,True,True,True,0,False,True,ok,0.21
old_ticket_within_window,200,128,29,100,100,199,100,199,99,0,True,True,True,True,0,False,True,ok,0.197
below_floor,200,128,29,100,100,200,0,0,100,-200,True,True,True,False,0,True,False,ok,0.136
control,200,128,30,100,100,100,100,100,0,0,True,True,True,True,0,False,True,ok,0.173
ack_loss,200,128,30,100,100,149,100,149,49,0,True,True,True,True,0,False,True,ok,0.184
old_ticket_within_window,200,128,30,100,100,199,100,199,99,0,True,True,True,True,0,False,True,ok,0.199
below_floor,200,128,30,100,100,200,0,0,100,-200,True,True,True,False,0,True,False,ok,0.163
control,200,512,1,100,100,100,100,100,0,0,True,True,True,True,0,False,True,ok,0.195
ack_loss,200,512,1,100,100,149,100,149,49,0,True,True,True,True,0,False,True,ok,0.228
old_ticket_within_window,200,512,1,100,100,199,100,199,99,0,True,True,True,True,0,False,True,ok,0.213
below_floor,200,512,1,100,100,200,0,0,100,-200,True,True,True,False,0,True,False,ok,0.206
control,200,512,2,100,100,100,100,100,0,0,True,True,True,True,0,False,True,ok,0.293
ack_loss,200,512,2,100,100,149,100,149,49,0,True,True,True,True,0,False,True,ok,0.199
old_ticket_within_window,200,512,2,100,100,199,100,199,99,0,True,True,True,True,0,False,True,ok,0.199
below_floor,200,512,2,100,100,200,0,0,100,-200,True,True,True,False,0,True,False,ok,0.128
control,200,512,3,100,100,100,100,100,0,0,True,True,True,True,0,False,True,ok,0.169
ack_loss,200,512,3,100,100,149,100,149,49,0,True,True,True,True,0,False,True,ok,0.252
old_ticket_within_window,200,512,3,100,100,199,100,199,99,0,True,True,True,True,0,False,True,ok,0.197
below_floor,200,512,3,100,100,200,0,0,100,-200,True,True,True,False,0,True,False,ok,0.165
control,200,512,4,100,100,100,100,100,0,0,True,True,True,True,0,False,True,ok,0.202
ack_loss,200,512,4,100,100,149,100,149,49,0,True,True,True,True,0,False,True,ok,0.207
old_ticket_within_window,200,512,4,100,100,199,100,199,99,0,True,True,True,True,0,False,True,ok,0.225
below_floor,200,512,4,100,100,200,0,0,100,-200,True,True,True,False,0,True,False,ok,0.126
control,200,512,5,100,100,100,100,100,0,0,True,True,True,True,0,False,True,ok,0.233
ack_loss,200,512,5,100,100,149,100,149,49,0,True,True,True,True,0,False,True,ok,0.207
old_ticket_within_window,200,512,5,100,100,199,100,199,99,0,True,True,True,True,0,False,True,ok,0.221
below_floor,200,512,5,100,100,200,0,0,100,-200,True,True,True,False,0,True,False,ok,0.141
control,200,512,6,100,100,100,100,100,0,0,True,True,True,True,0,False,True,ok,0.205
ack_loss,200,512,6,100,100,149,100,149,49,0,True,True,True,True,0,False,True,ok,0.234
old_ticket_within_window,200,512,6,100,100,199,100,199,99,0,True,True,True,True,0,False,True,ok,0.197
below_floor,200,512,6,100,100,200,0,0,100,-200,True,True,True,False,0,True,False,ok,0.131
control,200,512,7,100,100,100,100,100,0,0,True,True,True,True,0,False,True,ok,0.179
ack_loss,200,512,7,100,100,149,100,149,49,0,True,True,True,True,0,False,True,ok,0.211
old_ticket_within_window,200,512,7,100,100,199,100,199,99,0,True,True,True,True,0,False,True,ok,0.2
below_floor,200,512,7,100,100,200,0,0,100,-200,True,True,True,False,0,True,False,ok,0.136
control,200,512,8,100,100,100,100,100,0,0,True,True,True,True,0,False,True,ok,0.175
ack_loss,200,512,8,100,100,149,100,149,49,0,True,True,True,True,0,False,True,ok,0.301
old_ticket_within_window,200,512,8,100,100,199,100,199,99,0,True,True,True,True,0,False,True,ok,0.185
below_floor,200,512,8,100,100,200,0,0,100,-200,True,True,True,False,0,True,False,ok,0.14
control,200,512,9,100,100,100,100,100,0,0,True,True,True,True,0,False,True,ok,0.182
ack_loss,200,512,9,100,100,149,100,149,49,0,True,True,True,True,0,False,True,ok,0.187
old_ticket_within_window,200,512,9,100,100,199,100,199,99,0,True,True,True,True,0,False,True,ok,0.302
below_floor,200,512,9,100,100,200,0,0,100,-200,True,True,True,False,0,True,False,ok,0.125
control,200,512,10,100,100,100,100,100,0,0,True,True,True,True,0,False,True,ok,0.185
ack_loss,200,512,10,100,100,149,100,149,49,0,True,True,True,True,0,False,True,ok,0.187
old_ticket_within_window,200,512,10,100,100,199,100,199,99,0,True,True,True,True,0,False,True,ok,0.198
below_floor,200,512,10,100,100,200,0,0,100,-200,True,True,True,False,0,True,False,ok,0.175
control,200,512,11,100,100,100,100,100,0,0,True,True,True,True,0,False,True,ok,0.232
ack_loss,200,512,11,100,100,149,100,149,49,0,True,True,True,True,0,False,True,ok,0.185
old_ticket_within_window,200,512,11,100,100,199,100,199,99,0,True,True,True,True,0,False,True,ok,0.278
below_floor,200,512,11,100,100,200,0,0,100,-200,True,True,True,False,0,True,False,ok,0.129
control,200,512,12,100,100,100,100,100,0,0,True,True,True,True,0,False,True,ok,0.208
ack_loss,200,512,12,100,100,149,100,149,49,0,True,True,True,True,0,False,True,ok,0.183
old_ticket_within_window,200,512,12,100,100,199,100,199,99,0,True,True,True,True,0,False,True,ok,0.19
below_floor,200,512,12,100,100,200,0,0,100,-200,True,True,True,False,0,True,False,ok,0.162
control,200,512,13,100,100,100,100,100,0,0,True,True,True,True,0,False,True,ok,0.181
ack_loss,200,512,13,100,100,149,100,149,49,0,True,True,True,True,0,False,True,ok,0.207
old_ticket_within_window,200,512,13,100,100,199,100,199,99,0,True,True,True,True,0,False,True,ok,0.189
below_floor,200,512,13,100,100,200,0,0,100,-200,True,True,True,False,0,True,False,ok,0.135
control,200,512,14,100,100,100,100,100,0,0,True,True,True,True,0,False,True,ok,0.216
ack_loss,200,512,14,100,100,149,100,149,49,0,True,True,True,True,0,False,True,ok,0.209
old_ticket_within_window,200,512,14,100,100,199,100,199,99,0,True,True,True,True,0,False,True,ok,0.214
below_floor,200,512,14,100,100,200,0,0,100,-200,True,True,True,False,0,True,False,ok,0.155
control,200,512,15,100,100,100,100,100,0,0,True,True,True,True,0,False,True,ok,0.187
ack_loss,200,512,15,100,100,149,100,149,49,0,True,True,True,True,0,False,True,ok,0.218
old_ticket_within_window,200,512,15,100,100,199,100,199,99,0,True,True,True,True,0,False,True,ok,0.182
below_floor,200,512,15,100,100,200,0,0,100,-200,True,True,True,False,0,True,False,ok,0.128
control,200,512,16,100,100,100,100,100,0,0,True,True,True,True,0,False,True,ok,0.207
ack_loss,200,512,16,100,100,149,100,149,49,0,True,True,True,True,0,False,True,ok,0.193
old_ticket_within_window,200,512,16,100,100,199,100,199,99,0,True,True,True,True,0,False,True,ok,0.177
below_floor,200,512,16,100,100,200,0,0,100,-200,True,True,True,False,0,True,False,ok,0.126
control,200,512,17,100,100,100,100,100,0,0,True,True,True,True,0,False,True,ok,0.181
ack_loss,200,512,17,100,100,149,100,149,49,0,True,True,True,True,0,False,True,ok,0.201
old_ticket_within_window,200,512,17,100,100,199,100,199,99,0,True,True,True,True,0,False,True,ok,0.235
below_floor,200,512,17,100,100,200,0,0,100,-200,True,True,True,False,0,True,False,ok,0.136
control,200,512,18,100,100,100,100,100,0,0,True,True,True,True,0,False,True,ok,0.258
ack_loss,200,512,18,100,100,149,100,149,49,0,True,True,True,True,0,False,True,ok,0.21
old_ticket_within_window,200,512,18,100,100,199,100,199,99,0,True,True,True,True,0,False,True,ok,0.246
below_floor,200,512,18,100,100,200,0,0,100,-200,True,True,True,False,0,True,False,ok,0.148
control,200,512,19,100,100,100,100,100,0,0,True,True,True,True,0,False,True,ok,0.246
ack_loss,200,512,19,100,100,149,100,149,49,0,True,True,True,True,0,False,True,ok,0.29
old_ticket_within_window,200,512,19,100,100,199,100,199,99,0,True,True,True,True,0,False,True,ok,0.202
below_floor,200,512,19,100,100,200,0,0,100,-200,True,True,True,False,0,True,False,ok,0.188
control,200,512,20,100,100,100,100,100,0,0,True,True,True,True,0,False,True,ok,0.185
ack_loss,200,512,20,100,100,149,100,149,49,0,True,True,True,True,0,False,True,ok,0.197
old_ticket_within_window,200,512,20,100,100,199,100,199,99,0,True,True,True,True,0,False,True,ok,0.211
below_floor,200,512,20,100,100,200,0,0,100,-200,True,True,True,False,0,True,False,ok,0.173
control,200,512,21,100,100,100,100,100,0,0,True,True,True,True,0,False,True,ok,0.214
ack_loss,200,512,21,100,100,149,100,149,49,0,True,True,True,True,0,False,True,ok,0.201
old_ticket_within_window,200,512,21,100,100,199,100,199,99,0,True,True,True,True,0,False,True,ok,0.201
below_floor,200,512,21,100,100,200,0,0,100,-200,True,True,True,False,0,True,False,ok,0.156
control,200,512,22,100,100,100,100,100,0,0,True,True,True,True,0,False,True,ok,0.259
ack_loss,200,512,22,100,100,149,100,149,49,0,True,True,True,True,0,False,True,ok,0.18
old_ticket_within_window,200,512,22,100,100,199,100,199,99,0,True,True,True,True,0,False,True,ok,0.214
below_floor,200,512,22,100,100,200,0,0,100,-200,True,True,True,False,0,True,False,ok,0.126
control,200,512,23,100,100,100,100,100,0,0,True,True,True,True,0,False,True,ok,0.234
ack_loss,200,512,23,100,100,149,100,149,49,0,True,True,True,True,0,False,True,ok,0.182
old_ticket_within_window,200,512,23,100,100,199,100,199,99,0,True,True,True,True,0,False,True,ok,0.19
below_floor,200,512,23,100,100,200,0,0,100,-200,True,True,True,False,0,True,False,ok,0.126
control,200,512,24,100,100,100,100,100,0,0,True,True,True,True,0,False,True,ok,0.185
ack_loss,200,512,24,100,100,149,100,149,49,0,True,True,True,True,0,False,True,ok,0.176
old_ticket_within_window,200,512,24,100,100,199,100,199,99,0,True,True,True,True,0,False,True,ok,0.238
below_floor,200,512,24,100,100,200,0,0,100,-200,True,True,True,False,0,True,False,ok,0.136
control,200,512,25,100,100,100,100,100,0,0,True,True,True,True,0,False,True,ok,0.178
ack_loss,200,512,25,100,100,149,100,149,49,0,True,True,True,True,0,False,True,ok,0.182
old_ticket_within_window,200,512,25,100,100,199,100,199,99,0,True,True,True,True,0,False,True,ok,0.239
below_floor,200,512,25,100,100,200,0,0,100,-200,True,True,True,False,0,True,False,ok,0.128
control,200,512,26,100,100,100,100,100,0,0,True,True,True,True,0,False,True,ok,0.239
ack_loss,200,512,26,100,100,149,100,149,49,0,True,True,True,True,0,False,True,ok,0.198
old_ticket_within_window,200,512,26,100,100,199,100,199,99,0,True,True,True,True,0,False,True,ok,0.194
below_floor,200,512,26,100,100,200,0,0,100,-200,True,True,True,False,0,True,False,ok,0.127
control,200,512,27,100,100,100,100,100,0,0,True,True,True,True,0,False,True,ok,0.216
ack_loss,200,512,27,100,100,149,100,149,49,0,True,True,True,True,0,False,True,ok,0.191
old_ticket_within_window,200,512,27,100,100,199,100,199,99,0,True,True,True,True,0,False,True,ok,0.207
below_floor,200,512,27,100,100,200,0,0,100,-200,True,True,True,False,0,True,False,ok,0.125
control,200,512,28,100,100,100,100,100,0,0,True,True,True,True,0,False,True,ok,0.179
ack_loss,200,512,28,100,100,149,100,149,49,0,True,True,True,True,0,False,True,ok,0.169
old_ticket_within_window,200,512,28,100,100,199,100,199,99,0,True,True,True,True,0,False,True,ok,0.2
below_floor,200,512,28,100,100,200,0,0,100,-200,True,True,True,False,0,True,False,ok,0.129
control,200,512,29,100,100,100,100,100,0,0,True,True,True,True,0,False,True,ok,0.229
ack_loss,200,512,29,100,100,149,100,149,49,0,True,True,True,True,0,False,True,ok,0.19
old_ticket_within_window,200,512,29,100,100,199,100,199,99,0,True,True,True,True,0,False,True,ok,0.189
below_floor,200,512,29,100,100,200,0,0,100,-200,True,True,True,False,0,True,False,ok,0.147
control,200,512,30,100,100,100,100,100,0,0,True,True,True,True,0,False,True,ok,0.175
ack_loss,200,512,30,100,100,149,100,149,49,0,True,True,True,True,0,False,True,ok,0.179
old_ticket_within_window,200,512,30,100,100,199,100,199,99,0,True,True,True,True,0,False,True,ok,0.191
below_floor,200,512,30,100,100,200,0,0,100,-200,True,True,True,False,0,True,False,ok,0.134
nonce_race,50,128,,100,100,100,100,100,0,0,True,True,True,True,1,False,True,"winners=1, loser=ok",0.425
nonce_race,50,128,,100,100,100,100,100,0,0,True,True,True,True,1,False,True,"winners=1, loser=ok",0.344
nonce_race,50,128,,100,100,100,100,100,0,0,True,True,True,True,1,False,True,"winners=1, loser=ok",0.512
nonce_race,50,128,,100,100,100,100,100,0,0,True,True,True,True,1,False,True,"winners=1, loser=ok",0.392
nonce_race,50,128,,100,100,100,100,100,0,0,True,True,True,True,1,False,True,"winners=1, loser=ok",0.314
nonce_race,50,128,,100,100,100,100,100,0,0,True,True,True,True,1,False,True,"winners=1, loser=ok",0.403
nonce_race,50,128,,100,100,100,100,100,0,0,True,True,True,True,1,False,True,"winners=1, loser=ok",0.35
nonce_race,50,128,,100,100,100,100,100,0,0,True,True,True,True,1,False,True,"winners=1, loser=ok",0.455
nonce_race,50,128,,100,100,100,100,100,0,0,True,True,True,True,1,False,True,"winners=1, loser=ok",0.421
nonce_race,50,128,,100,100,100,100,100,0,0,True,True,True,True,1,False,True,"winners=1, loser=ok",0.361
nonce_race,50,128,,100,100,100,100,100,0,0,True,True,True,True,1,False,True,"winners=1, loser=ok",0.512
nonce_race,50,128,,100,100,100,100,100,0,0,True,True,True,True,1,False,True,"winners=1, loser=ok",0.534
nonce_race,50,128,,100,100,100,100,100,0,0,True,True,True,True,1,False,True,"winners=1, loser=ok",0.57
nonce_race,50,128,,100,100,100,100,100,0,0,True,True,True,True,1,False,True,"winners=1, loser=ok",0.358
nonce_race,50,128,,100,100,100,100,100,0,0,True,True,True,True,1,False,True,"winners=1, loser=ok",0.394
nonce_race,50,128,,100,100,100,100,100,0,0,True,True,True,True,1,False,True,"winners=1, loser=ok",0.473
nonce_race,50,128,,100,100,100,100,100,0,0,True,True,True,True,1,False,True,"winners=1, loser=ok",0.525
nonce_race,50,128,,100,100,100,100,100,0,0,True,True,True,True,1,False,True,"winners=1, loser=ok",0.373
nonce_race,50,128,,100,100,100,100,100,0,0,True,True,True,True,1,False,True,"winners=1, loser=ok",0.412
nonce_race,50,128,,100,100,100,100,100,0,0,True,True,True,True,1,False,True,"winners=1, loser=ok",0.455
nonce_race,100,128,,100,100,100,100,100,0,0,True,True,True,True,1,False,True,"winners=1, loser=ok",0.476
nonce_race,100,128,,100,100,100,100,100,0,0,True,True,True,True,1,False,True,"winners=1, loser=ok",0.619
nonce_race,100,128,,100,100,100,100,100,0,0,True,True,True,True,1,False,True,"winners=1, loser=ok",0.514
nonce_race,100,128,,100,100,100,100,100,0,0,True,True,True,True,1,False,True,"winners=1, loser=ok",0.398
nonce_race,100,128,,100,100,100,100,100,0,0,True,True,True,True,1,False,True,"winners=1, loser=ok",0.443
nonce_race,100,128,,100,100,100,100,100,0,0,True,True,True,True,1,False,True,"winners=1, loser=ok",0.479
nonce_race,100,128,,100,100,100,100,100,0,0,True,True,True,True,1,False,True,"winners=1, loser=ok",0.433
nonce_race,100,128,,100,100,100,100,100,0,0,True,True,True,True,1,False,True,"winners=1, loser=ok",0.434
nonce_race,100,128,,100,100,100,100,100,0,0,True,True,True,True,1,False,True,"winners=1, loser=ok",0.481
nonce_race,100,128,,100,100,100,100,100,0,0,True,True,True,True,1,False,True,"winners=1, loser=ok",0.408
nonce_race,100,128,,100,100,100,100,100,0,0,True,True,True,True,1,False,True,"winners=1, loser=ok",0.436
nonce_race,100,128,,100,100,100,100,100,0,0,True,True,True,True,1,False,True,"winners=1, loser=ok",0.466
nonce_race,100,128,,100,100,100,100,100,0,0,True,True,True,True,1,False,True,"winners=1, loser=ok",0.337
nonce_race,100,128,,100,100,100,100,100,0,0,True,True,True,True,1,False,True,"winners=1, loser=ok",0.542
nonce_race,100,128,,100,100,100,100,100,0,0,True,True,True,True,1,False,True,"winners=1, loser=ok",0.841
nonce_race,100,128,,100,100,100,100,100,0,0,True,True,True,True,1,False,True,"winners=1, loser=ok",0.639
nonce_race,100,128,,100,100,100,100,100,0,0,True,True,True,True,1,False,True,"winners=1, loser=ok",0.593
nonce_race,100,128,,100,100,100,100,100,0,0,True,True,True,True,1,False,True,"winners=1, loser=ok",0.664
nonce_race,100,128,,100,100,100,100,100,0,0,True,True,True,True,1,False,True,"winners=1, loser=ok",0.439
nonce_race,100,128,,100,100,100,100,100,0,0,True,True,True,True,1,False,True,"winners=1, loser=ok",0.516
